CASE_ID,ACCIDENT_YEAR,PROC_DATE,JURIS,COLLISION_DATE,COLLISION_TIME,OFFICER_ID,REPORTING_DISTRICT,DAY_OF_WEEK,CHP_SHIFT,POPULATION,CNTY_CITY_LOC,SPECIAL_COND,BEAT_TYPE,CHP_BEAT_TYPE,CITY_DIVISION_LAPD,CHP_BEAT_CLASS,BEAT_NUMBER,PRIMARY_RD,SECONDARY_RD,DISTANCE,DIRECTION,INTERSECTION,WEATHER_1,WEATHER_2,STATE_HWY_IND,CALTRANS_COUNTY,CALTRANS_DISTRICT,STATE_ROUTE,ROUTE_SUFFIX,POSTMILE_PREFIX,POSTMILE,LOCATION_TYPE,RAMP_INTERSECTION,SIDE_OF_HWY,TOW_AWAY,COLLISION_SEVERITY,NUMBER_KILLED,NUMBER_INJURED,PARTY_COUNT,PRIMARY_COLL_FACTOR,PCF_CODE_OF_VIOL,PCF_VIOL_CATEGORY,PCF_VIOLATION,PCF_VIOL_SUBSECTION,HIT_AND_RUN,TYPE_OF_COLLISION,MVIW,PED_ACTION,ROAD_SURFACE,ROAD_COND_1,ROAD_COND_2,LIGHTING,CONTROL_DEVICE,CHP_ROAD_TYPE,PEDESTRIAN_ACCIDENT,BICYCLE_ACCIDENT,MOTORCYCLE_ACCIDENT,TRUCK_ACCIDENT,NOT_PRIVATE_PROPERTY,ALCOHOL_INVOLVED,STWD_VEHTYPE_AT_FAULT,CHP_VEHTYPE_AT_FAULT,COUNT_SEVERE_INJ,COUNT_VISIBLE_INJ,COUNT_COMPLAINT_PAIN,COUNT_PED_KILLED,COUNT_PED_INJURED,COUNT_BICYCLIST_KILLED,COUNT_BICYCLIST_INJURED,COUNT_MC_KILLED,COUNT_MC_INJURED,PRIMARY_RAMP,SECONDARY_RAMP,LATITUDE,LONGITUDE,COUNTY,CITY,POINT_X,POINT_Y
90034239,2015,2015-10-20,9255,2015-10-17,2025,020142,,6,2,9,0500,0,3,5,,2,001,"BURSON RD",SR-12,1584.00,S,N,A,-,N,,,,,,,,,,N,4,0,1,2,D,-,00,,,N,B,C,A,A,H,-,D,D,0,,,,,Y,,-,"- ",0,0,1,0,0,0,0,0,0,"- ","- ",38.104599999999998,-120.5326,CALAVERAS,UNINCORPORATED,-120.89058197999999,38.17921261
90034245,2015,2015-10-20,9255,2015-10-13,2000,018894,,2,2,9,0500,0,1,3,,2,050,"STATE ROUTE 4","SHIREWOOD LN",1000.00,W,N,A,-,Y,,,4,,,,,,,N,3,0,1,2,A,-,08,22107,,F,G,B,E,A,H,-,D,D,0,Y,,,,Y,,-,99,0,1,0,0,1,0,0,0,0,"- ","- ",38.232289999999999,-120.36803999999999,CALAVERAS,UNINCORPORATED,-120.36810756,38.232301579999998
90034952,2015,2015-10-20,9255,2015-10-17,0530,018022,,6,3,9,0500,0,1,3,,1,011,SR-26,"JENNY LIND ROAD",68.00,E,N,B,C,Y,,,,,,,,,,Y,3,0,2,2,A,-,01,23152,A,N,B,C,A,B,H,-,D,D,0,,,,,Y,Y,A,01,0,1,1,0,0,0,0,0,0,"- ","- ",38.722850000000001,-120.52397999999999,CALAVERAS,UNINCORPORATED,-120.87736508,38.122815580000001
90036709,2015,2015-11-09,9255,2015-09-06,1113,018022,,7,1,9,0500,0,1,3,,1,020,SR-49,"GUN CLUB RD",0.00,,Y,A,-,Y,,,,,,,,,,N,1,1,0,2,A,-,09,21801,A,N,F,A,A,A,H,-,A,D,0,,,Y,,Y,,A,01,0,0,0,0,0,0,0,1,0,"- ","- ",38.340000000000003,-120.3152,CALAVERAS,UNINCORPORATED,-120.53162992999999,38.051329920000001
90036738,2015,2015-10-22,9255,2015-09-12,1750,019557,,6,2,9,0500,0,1,3,,1,021,SR-4,"O'BYRNES FERRY ROAD",0.00,,Y,B,-,Y,,,,,,,,,,Y,1,1,5,2,A,-,12,22450,A,N,D,C,A,A,H,-,A,A,0,,,,,Y,,A,08,1,2,2,0,0,0,0,0,0,"- ","- ",37.590119999999999,-120.38433999999999,CALAVERAS,UNINCORPORATED,-120.645432,37.983393
90039063,2015,2015-10-27,9255,2015-10-15,2230,018873,,4,3,9,0500,0,1,3,,1,020,SR-49,"RED HILL RD",2925.00,S,N,A,-,Y,,,49,,,,,,,Y,4,0,1,2,A,-,03,22350,,N,D,C,A,A,H,-,C,D,0,,,Y,,Y,,C,02,0,0,1,0,0,0,0,0,1,"- ","- ",38.028840000000002,-120.50657,CALAVERAS,UNINCORPORATED,-120.50653575,38.02883791
90039711,2015,2015-10-29,9255,2015-10-26,1719,020142,,1,2,9,0500,0,1,3,,1,011,SR-26,"VISTA DEL LAGO DR",0.00,,Y,A,-,Y,,,,,,,,,,Y,3,0,3,3,A,-,01,23152,A,N,D,C,A,A,H,-,A,A,0,,,,,Y,Y,A,01,0,2,1,0,0,0,0,0,0,"- ","- ",38.107999999999997,-120.502,CALAVERAS,UNINCORPORATED,-120.83911992,38.168669970000003
90039960,2015,2015-10-29,9255,2015-10-22,1215,017324,,4,1,9,0500,0,1,3,,2,030,"STATE ROUTE 49","SAN ANTONIO CREEK",6336.00,S,N,A,-,Y,,,49,,,,,,,Y,3,0,1,1,A,-,08,22107,,N,E,I,A,A,H,-,A,D,0,,,,,Y,,A,01,0,1,0,0,0,0,0,0,0,"- ","- ",38.117170000000002,-120.6185,CALAVERAS,UNINCORPORATED,-120.6184664,38.117207809999996
90040012,2015,2015-10-29,9255,2015-10-22,1555,013556,,4,2,9,0500,0,3,5,,2,002,"REEDS TPKE",SR-4,2.00,S,N,A,-,N,,,,,,,,,,Y,3,0,1,2,A,-,09,21802,A,N,D,C,A,A,H,-,A,A,0,,,,Y,Y,,F,26,0,1,0,0,0,0,0,0,0,"- ","- ",37.582700000000003,-120.39134,CALAVERAS,UNINCORPORATED,-120.653808,37.974176999999997
90040538,2015,2015-10-29,9255,2015-10-20,1510,018022,,2,2,9,0500,0,1,3,,1,010,SR-12,"SOUTHWORTH RD",1056.00,W,N,A,-,Y,,,12,,,,,,,Y,4,0,1,1,A,-,08,22107,,N,E,J,A,A,H,-,A,D,0,,,,,Y,,A,07,0,0,1,0,0,0,0,0,0,"- ","- ",38.18065,-120.96194,CALAVERAS,UNINCORPORATED,-120.96192068000001,38.18069947
90040724,2015,2015-10-29,9255,2015-10-23,1915,016054,,5,2,9,0500,0,1,3,,1,021,SR-4,"HORSESHOE RD",5280.00,E,N,A,-,Y,,,4,,,,,,,Y,3,0,2,2,A,-,09,21801,A,N,C,C,A,A,H,-,D,D,0,,,,,Y,,A,01,0,2,0,0,0,0,0,0,0,"- ","- ",37.962470000000003,-120.67100000000001,CALAVERAS,UNINCORPORATED,-120.67099894,37.962468430000001
90040733,2015,2015-10-29,9255,2015-10-08,1700,018873,,4,2,9,0500,0,1,3,,2,030,SR-49,"CAMPO SECO TPKE",130.00,S,N,A,-,Y,,,49,,,,,,,Y,2,0,1,2,A,-,08,22107,,N,A,C,A,A,H,-,A,D,0,,,,,Y,,D,22,1,0,0,0,0,0,0,0,0,"- ","- ",38.29983,-120.71136,CALAVERAS,UNINCORPORATED,-120.71135545,38.299817470000001
90041575,2015,2015-10-30,9255,2015-10-29,0735,017324,,4,1,9,0500,0,1,3,,1,011,"STATE ROUTE 26","PALOMA ROAD",5280.00,E,N,A,-,Y,,,26,,,,,,,Y,4,0,1,1,A,-,03,22350,,N,E,I,A,A,H,-,A,D,0,,,,,Y,,A,01,0,0,1,0,0,0,0,0,0,"- ","- ",38.270609999999998,-120.73173,CALAVERAS,UNINCORPORATED,-120.73170510999999,38.270611289999998
90041586,2015,2015-10-30,9255,2015-10-23,2030,018873,,5,2,9,0500,0,3,5,,2,003,"FRICOT CITY RD","CALAVERITAS RD",3696.00,E,N,A,-,N,,,,,,,,,,Y,2,0,1,1,A,-,08,22107,,N,F,I,A,A,H,-,D,D,0,,,,,Y,,A,01,1,0,0,0,0,0,0,0,0,"- ","- ",38.154330000000002,-120.58548,CALAVERAS,UNINCORPORATED,-120.58666622,38.154108260000001
90041827,2015,2015-10-30,9255,2015-10-30,0803,013401,,5,1,9,0500,0,3,5,,2,003,SR-49,"POOL STATION RD",528.00,N,N,A,-,Y,,,,,,,,,,Y,3,0,2,2,C,-,18,,,N,E,J,A,A,H,-,A,D,0,,,,Y,Y,,-,"- ",0,2,0,0,0,0,0,0,0,"- ","- ",38.12377,-120.41327,CALAVERAS,UNINCORPORATED,-120.69432557,38.202015490000001
90043737,2015,2015-11-03,9255,2015-11-02,1420,017324,,1,2,9,0500,0,1,3,,1,020,"STATE ROUTE 49","RED HILL ROAD",1056.00,S,N,C,-,Y,,,49,,,,,,,Y,4,0,2,1,A,-,03,22350,,N,E,I,A,B,H,-,A,A,0,,,,,Y,,D,22,0,0,2,0,0,0,0,0,0,"- ","- ",38.021039999999999,-120.51326,CALAVERAS,UNINCORPORATED,-120.51324747,38.021021500000003
90043854,2015,2015-11-03,9255,2015-10-28,0320,018894,,3,3,9,0500,0,1,3,,2,031,"STATE ROUTE 26","RICH GULCH RD",2000.00,E,N,B,C,Y,,,,,,,,,,Y,4,0,1,1,A,-,08,22107,,N,E,I,A,B,H,-,D,D,0,,,,,Y,,A,01,0,0,1,0,0,0,0,0,0,"- ","- ",38.164909999999999,-120.42409000000001,CALAVERAS,UNINCORPORATED,-120.62135471000001,38.333131469999998
90043884,2015,2015-11-03,9255,2015-11-02,1540,013556,,1,2,9,0500,0,1,3,,2,030,SR-49,"CENTER ST (MOKELUMNE HILL)",7920.00,N,N,B,C,Y,,,,,,,,,,Y,3,0,1,2,A,-,03,22350,,N,A,C,A,B,H,-,A,D,0,,,,,Y,,A,01,0,1,0,0,0,0,0,0,0,"- ","- ",38.182040000000001,-120.43382,CALAVERAS,UNINCORPORATED,-120.70619961,38.289772470000003
90043921,2015,2015-11-03,9255,2015-10-31,0745,018022,,6,1,9,0500,0,1,3,,1,011,SR-26,"OLIVE BRANCH DR.",325.00,W,N,A,-,Y,,,26,,,,,,,Y,3,0,1,1,A,-,08,22107,,N,E,I,A,A,H,-,A,D,0,,,,,Y,,A,01,0,1,0,0,0,0,0,0,0,"- ","- ",38.115690000000001,-120.89373000000001,CALAVERAS,UNINCORPORATED,-120.89372714,38.115642280000003
90044642,2015,2015-11-04,9255,2015-10-27,2210,020142,,2,3,9,0500,0,1,3,,2,030,SR-49,"GOLD STRIKE RD",630.00,S,N,A,-,Y,,,49,,,,,,,Y,4,0,1,1,A,-,08,22107,,N,E,I,A,A,H,-,D,D,0,,,,,Y,,A,01,0,0,1,0,0,0,0,0,0,"- ","- ",38.226990000000001,-120.70237,CALAVERAS,UNINCORPORATED,-120.70276502,38.226758850000003
90045708,2015,2015-11-05,9255,2015-11-04,1830,013939,,3,2,9,0500,0,3,5,,2,001,SR-4,"SIX MILE ROAD",400.00,W,N,A,-,Y,,,4,,,,,,,Y,3,0,1,1,C,-,18,,,N,H,H,A,A,H,-,D,D,0,,,,,Y,,-,"- ",0,1,0,0,0,0,0,0,0,"- ","- ",38.08954,-120.50537,CALAVERAS,UNINCORPORATED,-120.5054112,38.089599620000001
90047044,2015,2015-11-12,9255,2015-11-03,1320,017324,,2,1,9,0500,0,1,3,,1,021,"STATE ROUTE 4","STALLION WAY",1584.00,E,N,A,-,Y,,,4,,,,,,,Y,4,0,3,3,A,-,03,22350,,N,C,C,A,A,H,-,A,A,0,,,,,Y,,A,01,0,0,3,0,0,0,0,0,0,"- ","- ",38.056609999999999,-120.62027,CALAVERAS,UNINCORPORATED,-120.62028854,38.056613710000001
90047309,2015,2015-11-09,9255,2015-11-09,0635,015872,,1,1,9,0500,0,1,3,,2,031,SR-26,"CENTENNIAL MINE RD",1584.00,W,N,B,-,Y,,,26,,,,,,,Y,4,0,1,1,A,-,08,22107,,N,E,I,A,B,H,-,A,D,0,,,,,Y,,A,07,0,0,1,0,0,0,0,0,0,"- ","- ",38.414630000000002,-120.54527,CALAVERAS,UNINCORPORATED,-120.54526641,38.414617270000001
90051415,2015,2015-11-16,9255,2015-11-10,1025,017324,,2,1,9,0500,0,3,5,,2,002,"ROCK CREEK RD","HUNT RD",19536.00,S,N,A,-,N,,,,,,,,,,Y,3,0,1,1,A,-,08,22107,,N,E,I,A,A,H,-,A,D,0,,,,,Y,,A,08,0,1,0,0,0,0,0,0,0,"- ","- ",38.021700000000003,-120.68465,CALAVERAS,UNINCORPORATED,-120.79911052999999,38.016978459999997
90052794,2015,2015-11-17,9255,2015-10-20,2050,018894,,2,2,9,0500,0,3,5,,2,003,"RIDGE RD","GARNER RD",403.00,W,N,A,-,N,,,,,,,,,,Y,2,0,2,2,A,-,05,21460,A,F,A,C,A,A,H,-,D,D,0,,,,,Y,,A,07,1,0,1,0,0,0,0,0,0,"- ","- ",38.33916,-120.55006,CALAVERAS,UNINCORPORATED,-120.55001899,38.339125180000003
90053372,2015,2015-11-18,9255,2015-10-17,2335,018894,,6,3,9,0500,0,1,3,,2,040,"STATE ROUTE 4","VALLECITO BYPASS RD",179.00,E,N,B,-,Y,,,4,,,,,,,Y,1,1,2,1,A,-,08,22107,,N,E,I,A,A,H,-,D,D,0,,,,,Y,,A,01,1,1,0,0,0,0,0,0,0,"- ","- ",38.092579999999998,-120.4796,CALAVERAS,UNINCORPORATED,-120.47962711,38.09254284
90054450,2015,2015-11-19,9255,2015-11-06,1302,019525,,5,1,9,0500,0,1,3,,1,010,SR-12,"CARAMEL RD",1056.00,W,N,A,-,Y,,,12,,,,,,,Y,3,0,1,3,A,-,03,22350,,N,C,C,A,A,H,-,A,D,0,,,,,Y,,A,01,0,1,0,0,0,0,0,0,0,"- ","- ",38.18385,-120.88099,CALAVERAS,UNINCORPORATED,-120.88099015,38.183851760000003
90056532,2015,2015-11-20,9255,2015-11-12,1350,018873,,4,1,9,0500,0,1,3,,1,020,SR-49,"CARSON ROCK QUARRY RD.",3800.00,S,N,A,-,Y,,,49,,,,,,,Y,4,0,1,1,A,-,08,22107,,N,F,A,A,A,H,-,A,D,0,,,,Y,Y,,F,27,0,0,1,0,0,0,0,0,0,"- ","- ",38.02131,-120.51239,CALAVERAS,UNINCORPORATED,-120.5124603,38.021375540000001
90057571,2015,2015-11-23,9255,2015-11-18,0750,013401,,3,1,9,0500,0,1,3,,2,030,SR-49,"O'CONNELL LANE",128.00,N,N,A,-,Y,,,,,,,,,,Y,3,0,1,1,A,-,01,23152,A,N,E,I,A,A,H,-,A,D,0,,,,,Y,Y,A,07,0,1,0,0,0,0,0,0,0,"- ","- ",38.103070000000002,-120.39297000000001,CALAVERAS,UNINCORPORATED,-120.66190763,38.175729560000001
90057679,2015,2015-11-23,9255,2015-11-19,1215,020142,,4,1,9,0500,0,1,3,,2,040,SR-4,"STRAWBERRY HILL RD",2.00,E,N,A,-,Y,,,4,,,,,,,N,4,0,1,2,A,-,03,22350,,N,C,C,A,A,H,-,A,D,0,,,,,Y,,A,01,0,0,1,0,0,0,0,0,0,"- ","- ",38.166840000000001,-120.41670000000001,CALAVERAS,UNINCORPORATED,-120.41675153,38.166974119999999
90057778,2015,2015-11-23,9255,2015-11-19,1728,020142,,4,2,9,0500,0,1,3,,1,020,SR-49,"FRICOT CITY RD",5808.00,S,N,A,-,Y,,,49,,,,,,,Y,4,0,1,1,A,-,08,22107,,N,F,A,A,A,H,-,D,D,0,,,,,Y,,D,22,0,0,1,0,0,0,0,0,0,"- ","- ",38.120669999999997,-120.62248,CALAVERAS,UNINCORPORATED,-120.62243458,38.120729519999998
90058402,2015,2015-11-24,9255,2015-11-22,1020,017324,,7,1,9,0500,0,3,5,,2,002,"REEDS TURNPIKE","LITTLE JOHN ROAD",408.00,E,N,A,-,N,,,,,,,,,,Y,4,0,1,2,A,-,03,22350,,N,C,C,A,A,H,-,A,D,0,,,,,Y,,A,01,0,0,1,0,0,0,0,0,0,"- ","- ",37.97392,-120.65127,CALAVERAS,UNINCORPORATED,-120.65139728,37.973758480000001
90060123,2015,2015-11-25,9255,2015-11-09,1655,015872,,1,2,9,0500,0,1,3,,1,010,SR-26,"CENTRAL HILL RD",1584.00,W,N,B,C,Y,,,,,,,,,,Y,3,0,1,1,A,-,08,22107,,N,E,I,A,B,H,-,B,D,0,,,,,Y,,A,07,0,1,0,0,0,0,0,0,0,"- ","- ",38.20628,-120.7324,CALAVERAS,UNINCORPORATED,-120.72687148999999,38.204970529999997
90060126,2015,2015-11-25,9255,2015-11-20,1408,020142,,5,2,9,0500,0,1,3,,1,020,SR-49,"RED HILL RD",5280.00,S,N,A,-,Y,,,49,,,,,,,Y,4,0,1,1,A,-,08,22107,,N,E,I,A,A,H,-,A,A,0,,,,,Y,,A,07,0,0,1,0,0,0,0,0,0,"- ","- ",38.020090000000003,-120.51376999999999,CALAVERAS,UNINCORPORATED,-120.51366613,38.020088909999998
90061883,2015,2015-12-03,9255,2015-11-20,1017,019525,,5,1,9,0500,0,1,3,,2,031,SR-26,"CHURCH ST",0.00,,Y,A,-,Y,,,26,,,,,,,Y,3,0,2,2,A,-,09,21802,A,N,D,C,A,A,H,-,A,A,0,,,,,Y,,A,01,0,1,1,0,0,0,0,0,0,"- ","- ",38.29813,-120.70347,CALAVERAS,UNINCORPORATED,-120.70346761,38.2981202
90063530,2015,2015-12-02,9255,2015-11-28,1830,018894,,6,2,9,0500,0,1,3,,1,011,"STATE ROUTE 26","HOGAN DAM RD",0.00,,Y,A,-,Y,,,26,,,,,,,N,3,0,1,1,A,-,08,22107,,N,F,A,A,A,G,-,D,D,0,,,Y,,Y,,C,02,0,1,0,0,0,0,0,0,1,"- ","- ",38.186419999999998,-120.82555000000001,CALAVERAS,UNINCORPORATED,-120.82555072,38.186419829999998
90064527,2015,2015-12-03,9255,2015-11-25,1915,013939,,3,2,9,0500,0,1,3,,2,031,SR-26,"MONTGOMERY DR",277.00,W,N,A,-,Y,,,26,,,,,,,Y,3,0,1,1,A,-,01,23152,A,N,E,I,A,B,H,-,D,D,0,,,,,Y,Y,D,22,0,1,0,0,0,0,0,0,0,"- ","- ",38.307290000000002,-120.66864,CALAVERAS,UNINCORPORATED,-120.66867843,38.307287899999999
90066717,2015,2015-12-07,9255,2015-11-25,2015,019557,,3,2,9,0500,0,1,3,,2,050,SR-4,"MC KENZIE AVE",1056.00,W,N,A,-,Y,,,,,,,,,,Y,4,0,1,1,A,-,03,22350,,N,F,A,A,C,H,-,D,D,0,,,,,Y,,A,07,0,0,1,0,0,0,0,0,0,"- ","- ",38.135019999999997,-120.22635,CALAVERAS,UNINCORPORATED,-120.36954009,38.226024670000001
90068523,2015,2015-12-09,9255,2015-12-01,1630,013556,,2,2,9,0500,0,1,3,,1,021,SR-4,"HORSESHOE DR",3696.00,W,N,A,-,Y,,,,,,,,,,Y,3,0,1,1,A,-,08,22107,,N,F,A,A,A,H,-,A,D,0,,,,,Y,,D,22,0,1,0,0,0,0,0,0,0,"- ","- ",38.565770000000001,-120.41489,CALAVERAS,UNINCORPORATED,-120.69613859,37.950447519999997
90068624,2015,2015-12-09,9255,2015-12-01,1345,018022,,2,1,9,0500,0,2,4,,1,022,"OBYRNES FERRY RD","COPPER COVE DR",0.00,,Y,A,-,N,,,,,,,,,,Y,4,0,6,2,A,-,03,22350,,N,C,C,A,A,H,-,A,D,0,,,,,Y,,M,51,0,0,6,0,0,0,0,0,0,"- ","- ",37.940190000000001,-120.60541000000001,CALAVERAS,UNINCORPORATED,-120.60543993,37.940029899999999
90068648,2015,2015-12-09,9255,2015-12-07,1620,013556,,1,2,9,0500,0,1,3,,1,011,SR-26,"PALOMA RD",2112.00,W,N,A,-,Y,,,,,,,,,,Y,3,0,1,1,A,-,08,22107,,N,E,I,A,A,H,-,A,D,0,,,,,Y,,D,22,0,1,0,0,0,0,0,0,0,"- ","- ",38.152169999999998,-120.44575,CALAVERAS,UNINCORPORATED,-120.74852224999999,38.25583993
90068835,2015,2015-12-09,9255,2015-11-21,0719,019525,,6,1,9,0500,0,1,3,,2,030,SR-49,SR-12,20.00,N,N,A,-,Y,,,49,,,,,,,Y,3,0,1,2,A,-,08,22107,,N,D,C,A,A,H,-,A,A,0,,,,,Y,,A,07,0,1,0,0,0,0,0,0,0,"- ","- ",38.205010000000001,-120.69738,CALAVERAS,UNINCORPORATED,-120.6973224,38.204985100000002
90072661,2015,2015-12-14,9255,2015-12-10,0800,016054,,4,1,9,0500,0,1,3,,1,021,SR-4,"POOL STATION RD",3168.00,E,N,C,-,Y,,,,,,,,,,Y,4,0,1,1,A,-,08,22107,,N,E,I,A,B,H,-,A,D,0,,,,,Y,,D,22,0,0,1,0,0,0,0,0,0,"- ","- ",38.283299999999997,-120.38279,CALAVERAS,UNINCORPORATED,-120.63938487999999,38.047199370000001
90072813,2015,2015-12-14,9255,2015-12-12,1129,015872,,6,1,9,0500,0,3,5,,2,001,"GARNER PLACE","FRIEDMAN WAY",15.00,N,N,A,-,N,,,,,,,,,,Y,4,0,1,2,A,-,09,21802,A,N,A,C,A,A,H,-,A,D,0,,,Y,,Y,,D,22,0,0,1,0,0,0,0,0,1,"- ","- ",38.125059999999998,-120.86663,CALAVERAS,UNINCORPORATED,-120.8731513,38.130077399999998
90072816,2015,2015-12-14,9255,2015-12-07,0820,018894,,1,1,9,0500,0,1,3,,2,030,"STATE ROUTE 49","CHURCH HILL RD",0.00,,Y,B,-,Y,,,49,,,,,,,Y,4,0,2,2,A,-,09,21802,A,N,D,C,A,A,H,-,A,A,0,,,,,Y,,A,01,0,0,2,0,0,0,0,0,0,"- ","- ",38.196170000000002,-120.68092,CALAVERAS,UNINCORPORATED,-120.68091477,38.196184270000003
90073112,2015,2015-12-15,9255,2015-12-10,1310,020142,,4,1,9,0500,0,1,3,,1,021,SR-4,"POOL STATION RD",1056.00,E,N,B,-,Y,,,,,,,,,,Y,4,0,1,1,A,-,08,22107,,N,F,A,A,B,H,-,A,D,0,,,,,Y,,A,07,0,0,1,0,0,0,0,0,0,"- ","- ",38.247999999999998,-120.3847,CALAVERAS,UNINCORPORATED,-120.6459468,38.047241319999998
90075210,2015,2015-12-16,9255,2015-12-14,0640,017324,,1,1,9,0500,0,1,3,,1,020,"STATE ROUTE 49","SAN ANTONIO CREEK",9.00,N,N,B,-,Y,,,49,,,,,,,Y,4,0,1,1,A,-,03,22350,,N,E,I,A,C,H,-,B,D,0,,,,,Y,,D,22,0,0,1,0,0,0,0,0,0,"- ","- ",38.131320000000002,-120.63475,CALAVERAS,UNINCORPORATED,-120.63470764,38.131335909999997
90078846,2015,2015-12-21,9255,2015-12-05,1925,013939,,6,2,9,0500,0,1,3,,2,030,SR-49,SR-26,0.00,,Y,A,-,Y,,,49,,,,,,,Y,4,0,2,2,A,-,09,21802,A,N,D,C,A,A,H,-,C,A,0,,,,,Y,,A,01,0,0,2,0,0,0,0,0,0,"- ","- ",38.297809999999998,-120.70462999999999,CALAVERAS,UNINCORPORATED,-120.7046343,38.297806029999997
90079297,2015,2015-12-21,9255,2015-12-12,0734,015872,,6,1,9,0500,0,3,5,,2,001,"DOUBLE SPRINGS RD",SR-26,1584.00,W,N,A,-,N,,,,,,,,,,Y,2,0,1,1,A,-,03,22350,,N,F,A,A,A,H,-,A,D,0,,,,,Y,,A,07,1,0,0,0,0,0,0,0,0,"- ","- ",38.215780000000002,-120.76951,CALAVERAS,UNINCORPORATED,-120.76878857,38.21573034
90081968,2015,2015-12-24,9255,2015-12-17,0925,018776,,4,1,9,0500,0,2,4,,2,034,"SR-26 E/B","HUMBUG CREEK RD",400.00,E,N,A,-,Y,,,26,,,,,,E,Y,3,0,1,1,A,-,03,22350,,N,E,I,A,A,H,-,A,D,0,,,,,Y,,D,22,0,1,0,0,0,0,0,0,0,"- ","- ",38.364370000000001,-120.56005,CALAVERAS,UNINCORPORATED,-120.5600728,38.364387059999999
90081969,2015,2015-12-24,9255,2015-12-16,1530,018776,,3,2,9,0500,0,3,5,,2,003,"WINTON RD","SMITTY LN",3.00,W,N,A,-,N,,,,,,,,,,Y,4,0,1,2,A,-,09,21804,A,N,D,C,A,A,H,-,A,D,0,,,,,Y,,A,01,0,0,1,0,0,0,0,0,0,"- ","- ",38.407049999999998,-120.51804,CALAVERAS,UNINCORPORATED,-120.51797569,38.40711555
90082876,2015,2015-12-28,9255,2015-12-22,1930,013556,,2,2,9,0500,0,1,3,,2,040,SR-4,"UTICA POWER HOUSE RD (UPPER)",5808.00,E,N,B,-,Y,,,4,,,,,,,Y,4,0,1,2,A,-,03,22350,,N,C,C,A,B,H,-,D,D,0,,,,,Y,,A,07,0,0,1,0,0,0,0,0,0,"- ","- ",38.164900000000003,-120.42421,CALAVERAS,UNINCORPORATED,-120.42421079,38.16494762
90083150,2015,2015-12-28,9255,2015-12-21,1215,015872,,1,1,9,0500,0,1,3,,1,011,SR-26,"HEINEMANN DR",528.00,W,N,B,C,Y,,,26,,,,,,,Y,4,0,1,1,A,-,03,22350,,N,F,A,A,B,H,-,A,D,0,,,,,Y,,A,01,0,0,1,0,0,0,0,0,0,"- ","- ",38.154809999999998,-120.85277000000001,CALAVERAS,UNINCORPORATED,-120.85274526000001,38.154786860000002
90084375,2015,2015-12-29,9255,2015-12-28,1210,015872,,1,1,9,0500,0,1,3,,1,011,SR-26,"VISTA DEL LAGO DR",0.00,,Y,B,-,Y,,,26,,,,,,,Y,4,0,1,2,A,-,09,21802,A,N,D,C,A,A,H,-,A,A,0,,,,,Y,,A,07,0,0,1,0,0,0,0,0,0,"- ","- ",38.168669999999999,-120.83915,CALAVERAS,UNINCORPORATED,-120.83914670999999,38.168666930000001
90084382,2015,2015-12-29,9255,2015-12-26,1515,015872,,6,2,9,0500,0,3,5,,2,001,"CAMPO SECO TURNPIKE",SR-49,1584.00,W,N,A,-,N,,,,,,,,,,Y,4,0,2,2,A,-,17,21662,A,N,A,C,A,A,H,-,B,D,0,,,,,Y,,A,01,0,0,2,0,0,0,0,0,0,"- ","- ",38.296840000000003,-120.71427,CALAVERAS,UNINCORPORATED,-120.71444750000001,38.29650461
90087675,2015,2016-01-04,9255,2015-12-31,1625,020142,,4,2,9,0500,0,1,3,,1,011,SR-26,"ST ANDREWS RD",40.00,E,N,A,-,Y,,,26,,,,,,,N,4,0,1,3,A,-,03,22350,,N,C,C,A,A,H,-,A,D,0,,,,,Y,,A,01,0,0,1,0,0,0,0,0,0,"- ","- ",38.17409,-120.83322,CALAVERAS,UNINCORPORATED,-120.83332109,38.17419426
90088547,2015,2016-01-05,9255,2015-12-31,1800,020142,,4,2,9,0500,0,1,3,,1,011,SR-26,"YEATON LN",5280.00,E,N,A,-,Y,,,26,,,,,,,Y,3,0,1,1,A,-,08,22107,,N,E,I,A,A,H,-,D,D,0,,,,,Y,,A,01,0,1,0,0,0,0,0,0,0,"- ","- ",38.248060000000002,-120.75563,CALAVERAS,UNINCORPORATED,-120.75558239999999,38.248050939999999
90088596,2016,2016-01-05,9255,2016-01-04,1014,019389,,1,1,9,0500,0,1,3,,2,031,SR-26,"RICH GULCH RD",3696.00,W,N,B,-,Y,,,26,,,,,,,Y,3,0,2,1,A,-,08,22107,,N,E,I,A,A,H,-,A,D,0,,,,,Y,,A,01,0,1,1,0,0,0,0,0,0,"- ","- ",38.325049999999997,-120.6369,CALAVERAS,UNINCORPORATED,-120.63689621,38.325043389999998
90089744,2015,2016-03-11,9255,2015-12-31,2245,013939,,4,3,9,0500,0,3,5,,2,001,"BARBOUR ROAD","SILVER RAPIDS ROAD",677.00,E,N,A,-,N,,,,,,,,,,Y,1,1,0,1,A,-,08,22107,,N,F,A,A,A,H,-,D,D,0,,,,,Y,Y,D,22,0,0,0,0,0,0,0,0,0,"- ","- ",38.160699999999999,-120.84504,CALAVERAS,UNINCORPORATED,-120.84532326,38.160626209999997