CASE_ID,ACCIDENT_YEAR,PROC_DATE,JURIS,COLLISION_DATE,COLLISION_TIME,OFFICER_ID,REPORTING_DISTRICT,DAY_OF_WEEK,CHP_SHIFT,POPULATION,CNTY_CITY_LOC,SPECIAL_COND,BEAT_TYPE,CHP_BEAT_TYPE,CITY_DIVISION_LAPD,CHP_BEAT_CLASS,BEAT_NUMBER,PRIMARY_RD,SECONDARY_RD,DISTANCE,DIRECTION,INTERSECTION,WEATHER_1,WEATHER_2,STATE_HWY_IND,CALTRANS_COUNTY,CALTRANS_DISTRICT,STATE_ROUTE,ROUTE_SUFFIX,POSTMILE_PREFIX,POSTMILE,LOCATION_TYPE,RAMP_INTERSECTION,SIDE_OF_HWY,TOW_AWAY,COLLISION_SEVERITY,NUMBER_KILLED,NUMBER_INJURED,PARTY_COUNT,PRIMARY_COLL_FACTOR,PCF_CODE_OF_VIOL,PCF_VIOL_CATEGORY,PCF_VIOLATION,PCF_VIOL_SUBSECTION,HIT_AND_RUN,TYPE_OF_COLLISION,MVIW,PED_ACTION,ROAD_SURFACE,ROAD_COND_1,ROAD_COND_2,LIGHTING,CONTROL_DEVICE,CHP_ROAD_TYPE,PEDESTRIAN_ACCIDENT,BICYCLE_ACCIDENT,MOTORCYCLE_ACCIDENT,TRUCK_ACCIDENT,NOT_PRIVATE_PROPERTY,ALCOHOL_INVOLVED,STWD_VEHTYPE_AT_FAULT,CHP_VEHTYPE_AT_FAULT,COUNT_SEVERE_INJ,COUNT_VISIBLE_INJ,COUNT_COMPLAINT_PAIN,COUNT_PED_KILLED,COUNT_PED_INJURED,COUNT_BICYCLIST_KILLED,COUNT_BICYCLIST_INJURED,COUNT_MC_KILLED,COUNT_MC_INJURED,PRIMARY_RAMP,SECONDARY_RAMP,LATITUDE,LONGITUDE,COUNTY,CITY,POINT_X,POINT_Y
90441940,2017,2017-04-25,9255,2017-04-22,1210,018318,,6,1,9,0500,0,2,4,,1,022,"OBYRNES FERRY RD","COPPER COVE DR",0.00,,Y,A,-,N,,,,,,,,,,Y,3,0,2,2,A,-,03,22350,,N,C,C,A,A,H,-,A,D,0,,,,,Y,,A,08,0,1,1,0,0,0,0,0,0,"- ","- ",37.940019999999997,-120.60541000000001,CALAVERAS,UNINCORPORATED,-120.60543993,37.940029899999999
90445458,2017,2017-04-28,9255,2017-04-26,1210,017324,,3,1,9,0500,0,1,3,,2,030,"STATE ROUTE 49","MOUNTAIN RANCH ROAD",0.00,,Y,B,-,Y,,,49,,,,,,,Y,3,0,1,2,A,-,09,21801,A,N,A,C,A,B,H,-,A,A,0,,,,,Y,,A,01,0,1,0,0,0,0,0,0,0,"- ","- ",38.1892,-120.67452,CALAVERAS,UNINCORPORATED,-120.67454057,38.189195380000001
90446432,2017,2017-05-01,9255,2017-04-26,1110,020142,,3,1,9,0500,0,3,5,,2,002,"POOL STATION RD","OLD OAK RD",0.00,,Y,C,-,N,,,,,,,,,,Y,4,0,4,2,A,-,09,21802,A,N,D,C,A,B,H,-,A,A,0,,,,,Y,,A,07,0,0,4,0,0,0,0,0,0,"- ","- ",38.18824,-120.68946,CALAVERAS,UNINCORPORATED,-120.68971987,38.18861991
90446539,2017,2017-05-01,9255,2017-04-23,2259,018453,,7,3,9,0500,0,1,3,,1,011,SR-26,"HOGAN DAM RD",1056.00,W,N,A,-,Y,,,26,,,,,,,Y,3,0,2,2,A,-,05,21460,A,N,A,C,A,A,H,-,D,A,0,,,,,Y,Y,A,07,0,1,1,0,0,0,0,0,0,"- ","- ",38.183070000000001,-120.8261,CALAVERAS,UNINCORPORATED,-120.82611106,38.183081059999999
90447172,2017,2017-05-02,9255,2017-04-24,0411,019640,,1,3,9,0500,0,1,3,,1,021,SR-4,"HUNT RD",1584.00,W,N,B,-,Y,,,4,,,,,,,N,2,0,1,2,A,-,11,21956,,N,G,B,E,A,H,-,D,D,0,Y,,,,Y,,N,60,1,0,0,0,1,0,0,0,0,"- ","- ",38.030320000000003,-120.6477,CALAVERAS,UNINCORPORATED,-120.64770387999999,38.030318899999997
90447239,2017,2017-05-02,9255,2017-04-24,1355,018318,,1,1,9,0500,0,1,3,,1,020,SR-49,"GUN CLUB RD",528.00,N,N,A,-,Y,,,49,,,,,,,N,4,0,1,2,A,-,05,21460,A,N,B,C,A,A,H,-,A,D,0,,,,,Y,,A,07,0,0,1,0,0,0,0,0,0,"- ","- ",38.053350000000002,-120.53349,CALAVERAS,UNINCORPORATED,-120.53353799999999,38.053302789999996
90447715,2017,2018-01-19,9255,2017-04-14,1525,019389,,5,2,9,0500,0,2,4,,1,022,"O'BYRNES FERRY RD","COSMIC CT",433.00,S,N,A,-,N,,,,,,,,,,Y,1,1,1,2,A,-,05,21460,A,N,A,C,A,A,H,-,A,D,0,,,,,Y,,A,01,1,0,0,0,0,0,0,0,0,"- ","- ",37.934600000000003,-120.60377,CALAVERAS,UNINCORPORATED,-120.60383508,37.934647779999999
90448392,2017,2017-05-03,9255,2017-05-02,0110,019640,,2,3,9,0500,0,1,3,,1,010,SR-12,"DOUBLE SPRINGS RD",1584.00,W,N,A,-,Y,,,12,,,,,,,Y,4,0,1,1,A,-,08,22107,,N,E,I,A,A,H,-,D,D,0,,,,,Y,,A,07,0,0,1,0,0,0,0,0,0,"- ","- ",38.203519999999997,-120.79322999999999,CALAVERAS,UNINCORPORATED,-120.79319795000001,38.203484899999999
90448886,2017,2017-05-04,9255,2017-04-26,1705,019557,,3,2,9,0500,0,1,3,,2,031,SR-26,"DIRT RD.",1056.00,E,N,B,-,Y,,,,,,,,,,Y,4,0,1,1,A,-,08,22107,,N,E,I,A,B,H,-,A,D,0,,,,,Y,,D,22,0,0,1,0,0,0,0,0,0,"- ","- ",38.183300000000003,-120.3954,CALAVERAS,UNINCORPORATED,-120.65591096999999,38.313679659999998
90449005,2017,2017-05-04,9255,2017-04-20,1710,019525,,4,2,9,0500,0,1,3,,1,020,SR-49,"REDHILL ROAD",1584.00,S,N,A,-,Y,,,49,,,,,,,Y,3,0,1,1,A,-,08,22107,,N,E,I,A,A,H,-,A,D,0,,,Y,,Y,,C,02,0,1,0,0,0,0,0,0,1,"- ","- ",38.027509999999999,-120.51088,CALAVERAS,UNINCORPORATED,-120.51084908999999,38.027487209999997
90449396,2017,2017-05-04,9255,2017-04-14,2220,019525,,5,3,9,0500,0,2,4,,2,034,"MOUNTAIN RANCH RD","MICHEL RD",1790.00,W,N,A,-,N,,,,,,,,,,Y,2,0,1,1,A,-,01,23152,A,N,E,I,A,A,H,-,D,D,0,,,,,Y,Y,A,07,1,0,0,0,0,0,0,0,0,"- ","- ",38.218719999999998,-120.55136,CALAVERAS,UNINCORPORATED,-120.59070179,38.191152629999998
90450058,2017,2017-05-05,9255,2017-04-30,1100,018873,,7,1,9,0500,0,1,3,,2,031,SR-26,"DIRT RD",3696.00,E,N,A,-,Y,,,26,,,,,,,Y,4,0,1,1,A,-,08,22107,,N,F,A,A,A,H,-,A,D,0,,,Y,,Y,,C,02,0,0,1,0,0,0,0,0,1,"- ","- ",38.314300000000003,-120.65523,CALAVERAS,UNINCORPORATED,-120.65521024,38.31428871
90450243,2017,2017-06-08,9255,2017-04-30,1610,018459,,7,2,9,0500,0,1,3,,1,020,SR-49,"RED HILL RD",1056.00,S,N,A,-,Y,,,49,,,,,,,Y,1,1,0,1,A,-,01,23152,A,N,E,I,A,A,H,-,A,D,0,,,Y,,Y,Y,C,02,0,0,0,0,0,0,0,1,0,"- ","- ",38.033909999999999,-120.50658,CALAVERAS,UNINCORPORATED,-120.50659503999999,38.033900510000002
90451122,2017,2017-05-08,9255,2017-05-07,2045,019640,,7,2,9,0500,0,1,3,,1,010,SR-12,SR-49,1584.00,W,N,A,-,Y,,,12,,,,,,,Y,3,0,2,1,C,-,18,,,N,H,H,A,A,H,-,D,D,0,,,Y,,Y,,-,"- ",0,2,0,0,0,0,0,0,2,"- ","- ",38.206650000000003,-120.69973,CALAVERAS,UNINCORPORATED,-120.69973157,38.206645760000001
90451135,2017,2017-05-08,9255,2017-05-07,1310,018318,,7,1,9,0500,0,2,4,,1,041,"MURPHYS GRADE RD","ROLLERI BYP",816.00,E,N,B,-,N,,,,,,,,,,Y,4,0,1,1,A,-,08,22107,,N,E,I,A,A,H,-,A,D,0,,,,,Y,,A,01,0,0,1,0,0,0,0,0,0,"- ","- ",38.086399999999998,-120.53997,CALAVERAS,UNINCORPORATED,-120.53812981,38.087908300000002
90451856,2017,2017-05-09,9255,2017-04-27,1655,020142,,4,2,9,0500,0,1,3,,2,030,SR-49,"POVERTY GULCH CT",50.00,N,N,A,-,Y,,,49,,,,,,,Y,4,0,1,2,A,-,03,22350,,N,C,C,A,A,H,-,A,D,0,,,,,Y,,A,01,0,0,1,0,0,0,0,0,0,"- ","- ",38.297370000000001,-120.72193,CALAVERAS,UNINCORPORATED,-120.72188375,38.29761594
90451878,2017,2017-05-09,9255,2017-05-02,2155,019640,,2,2,9,0500,0,3,5,,2,001,"QUAIL OAKS RD","BUTLER LN",178.00,N,N,A,-,N,,,,,,,,,,Y,3,0,1,1,A,-,01,23152,A,N,F,A,A,A,H,-,D,D,0,,,,,Y,Y,A,07,0,1,0,0,0,0,0,0,0,"- ","- ",38.177210000000002,-120.84469,CALAVERAS,UNINCORPORATED,-120.84464756,38.177221899999999
90453830,2017,2017-05-11,9255,2017-05-06,1200,018363,,6,1,9,0500,0,1,3,,1,021,"STATE ROUTE 4","POOL STATION RD",1592.00,W,N,A,-,Y,,,4,,,,,,,Y,3,0,1,1,A,-,08,22107,,N,E,I,A,A,H,-,A,D,0,,,,,Y,,D,22,0,1,0,0,0,0,0,0,0,"- ","- ",38.040089999999999,-120.64776000000001,CALAVERAS,UNINCORPORATED,-120.64781637999999,38.04007309
90454679,2017,2017-05-12,9255,2017-05-04,1014,013806,,4,1,9,0500,0,1,3,,2,030,"STATE ROUTE 49","GOLD RUSH LANE",1584.00,N,N,A,-,Y,,,,,,,,,,Y,2,0,2,1,A,-,03,22350,,N,E,I,A,A,H,-,A,A,0,,,Y,,Y,,C,02,2,0,0,0,0,0,0,0,2,"- ","- ",38.180199999999999,-120.4353,CALAVERAS,UNINCORPORATED,-120.73222865,38.300747119999997
90460445,2017,2017-05-22,9255,2017-05-15,0840,018363,,1,1,9,0500,0,1,3,,1,020,"STATE ROUTE 49","WHITTLE RD",84.00,N,N,A,-,Y,,,49,,,,,,,N,3,0,1,1,A,-,03,22350,,N,F,A,A,A,H,-,A,D,0,,,Y,,Y,,C,02,0,1,0,0,0,0,0,0,1,"- ","- ",38.045969999999997,-120.52588,CALAVERAS,UNINCORPORATED,-120.52594388,38.045889989999999
90460510,2017,2017-09-26,9255,2017-05-08,1410,018825,,1,2,9,0500,0,3,5,,2,001,"MILTON RD","JENNY LIND RD",0.00,,Y,A,-,N,,,,,,,,,,Y,2,0,2,2,A,-,12,22450,A,N,D,C,A,A,H,-,A,A,0,,,,,Y,,D,22,1,0,1,0,0,0,0,0,0,"- ","- ",38.0991,-120.8736,CALAVERAS,UNINCORPORATED,-120.87843989,38.099189969999998
90460556,2017,2017-05-22,9255,2017-05-14,0915,018825,,7,1,9,0500,0,1,3,,1,011,SR-26,"FARRIS DR",1056.00,E,N,A,-,Y,,,26,,,,,,,N,4,0,1,2,A,-,03,22350,,N,C,C,A,A,H,-,A,D,0,,,,,Y,,A,07,0,0,1,0,0,0,0,0,0,"- ","- ",38.152000000000001,-120.8565,CALAVERAS,UNINCORPORATED,-120.85650704,38.152008420000001
90461477,2017,2017-05-23,9255,2017-05-16,0112,018453,,2,3,9,0500,0,1,3,,2,040,SR-4,"NORTHWOOD DR",1056.00,W,N,B,-,Y,,,4,,,,,,,Y,3,0,1,1,A,-,01,23152,A,N,E,I,A,A,H,-,D,D,0,,,,,Y,Y,D,22,0,1,0,0,0,0,0,0,0,"- ","- ",38.173969999999997,-120.39561999999999,CALAVERAS,UNINCORPORATED,-120.39557708,38.173911189999998
90462394,2017,2017-05-24,9255,2017-05-20,1525,018363,,6,2,9,0500,0,2,4,,1,041,"MURPHYS GRADE RD","FRENCH GULCH RD (LOWER)",255.00,E,N,A,-,N,,,,,,,,,,Y,3,0,1,1,A,-,01,23152,A,N,F,A,A,A,H,-,A,D,0,,,Y,,Y,Y,C,02,0,1,0,0,0,0,0,0,1,"- ","- ",38.105809999999998,-120.51822,CALAVERAS,UNINCORPORATED,-120.51825099,38.105752430000003
90467050,2017,2017-05-30,9255,2017-05-21,0224,018453,,7,3,9,0500,0,1,3,,1,010,SR-12,"HASKELL ST",2.00,E,N,A,-,Y,,,12,,,,,,,Y,3,0,1,1,A,-,08,22107,,N,E,I,A,A,H,-,D,D,0,,,,,Y,,A,01,0,1,0,0,0,0,0,0,0,"- ","- ",38.18188,-120.96473,CALAVERAS,UNINCORPORATED,-120.96474078999999,38.181853789999998
90467066,2017,2017-05-30,9255,2017-05-17,1513,018459,,3,2,9,0500,1,1,3,,1,010,SR-12,"DOUBLE SPRINGS RD",2112.00,E,N,A,-,Y,,,,,,,,,,Y,3,0,4,1,A,-,08,22107,,N,E,I,A,A,H,-,A,D,0,,,,,Y,,H,64,0,1,3,0,0,0,0,0,0,"- ","- ",38.124490000000002,-120.44557,CALAVERAS,UNINCORPORATED,-120.78322661999999,38.209237379999998
90467073,2017,2017-07-18,9255,2017-05-16,0950,018825,,2,1,9,0500,0,1,3,,1,011,SR-26,"COUNTRY VIEW DR",1000.00,E,N,B,-,Y,,,26,,,,,,,Y,2,0,3,3,A,-,01,23152,A,N,B,C,A,A,H,-,A,D,0,,,,,Y,Y,A,07,1,1,1,0,0,0,0,0,0,"- ","- ",38.177300000000002,-120.831,CALAVERAS,UNINCORPORATED,-120.83106133,38.177317520000003
90467109,2017,2017-05-30,9255,2017-05-23,1600,018363,,2,2,9,0500,0,3,5,,2,001,"VISTA DEL LAGO DR","GOLDEN WEST CT",0.00,,Y,A,-,N,,,,,,,,,,Y,4,0,1,2,A,-,09,21802,A,N,D,C,A,A,H,-,A,D,0,,,,,Y,,A,07,0,0,1,0,0,0,0,0,0,"- ","- ",38.167949999999998,-120.83819,CALAVERAS,UNINCORPORATED,-120.83783997,38.167779969999998
90468014,2017,2017-07-11,9255,2017-05-20,2500,013939,,6,4,9,0500,0,1,3,,1,010,SR-12,SR-49,3696.00,W,N,A,-,Y,,,12,,,,,,,Y,1,1,0,1,A,-,01,23152,G,N,E,I,A,A,H,-,D,D,0,,,Y,,Y,Y,C,02,0,0,0,0,0,0,0,1,0,"- ","- ",38.208359999999999,-120.7086,CALAVERAS,UNINCORPORATED,-120.70857484,38.208331129999998
90468034,2017,2017-11-07,9255,2017-05-19,1025,017324,,5,1,9,0500,0,1,3,,1,021,"STATE ROUTE 4","MPM 4CAL18.00",135.00,W,N,A,-,N,,,,,,,,,,Y,1,1,2,2,A,-,08,22107,,N,A,C,A,A,H,-,A,D,0,,,,,Y,,A,01,1,1,0,0,0,0,0,0,0,"- ","- ",38.414200000000001,-120.36041,CALAVERAS,UNINCORPORATED,,
90468384,2017,2017-05-31,9255,2017-05-23,2040,018453,,2,2,9,0500,0,1,3,,2,031,SR-26,"MAIN ST (WEST POINT)",325.00,W,N,A,-,Y,,,26,,,,,,,Y,4,0,1,1,A,-,08,22107,,N,E,I,A,A,H,-,D,D,0,,,,,Y,,A,01,0,0,1,0,0,0,0,0,0,"- ","- ",38.396299999999997,-120.52725,CALAVERAS,UNINCORPORATED,-120.52728274,38.396285740000003
90469003,2017,2017-06-01,9255,2017-05-25,1545,018459,,4,2,9,0500,0,1,3,,2,031,SR-26,"SPORT HILL RD",528.00,E,N,A,-,Y,,,26,,,,,,,Y,4,0,1,2,A,-,05,21460,A,N,E,I,A,A,H,-,A,D,0,,,,,Y,,A,01,0,0,1,0,0,0,0,0,0,"- ","- ",38.300960000000003,-120.68946,CALAVERAS,UNINCORPORATED,-120.68946323,38.300892169999997
90469024,2017,2017-06-01,9255,2017-05-26,1540,018459,,5,2,9,0500,0,1,3,,1,010,SR-12,"LIME CREEK RD",528.00,E,N,A,-,Y,,,12,,,,,,,Y,3,0,1,3,A,-,03,22350,,N,C,C,A,A,H,-,A,D,0,,,,,Y,,A,01,0,1,0,0,0,0,0,0,0,"- ","- ",38.194540000000003,-120.81417999999999,CALAVERAS,UNINCORPORATED,-120.81417566,38.19450964
90469034,2017,2017-06-01,9255,2017-05-19,0100,013939,,5,3,9,0500,0,3,5,,2,003,"INDEPENDENCE ROAD","IMPROBABILITY DRIVE",162.00,W,N,A,-,N,,,,,,,,,,Y,2,0,2,1,A,-,01,23152,A,N,E,I,A,A,H,-,D,D,0,,,,,Y,Y,A,01,2,0,0,0,0,0,0,0,0,"- ","- ",38.348950000000002,-120.56337000000001,CALAVERAS,UNINCORPORATED,-120.56297779000001,38.348993610000001
90469093,2017,2017-06-01,9255,2017-05-26,1240,013806,,5,1,9,0500,0,1,3,,2,030,"STATE ROUTE 49","MURRAY CREEK BRIDGE",198.00,N,N,A,-,Y,,,49,,,,,,,Y,4,0,2,3,A,-,03,22350,,N,C,C,A,A,H,-,A,D,0,,,,,Y,,E,22,0,0,2,0,0,0,0,0,0,"- ","- ",38.207700000000003,-120.6972,CALAVERAS,UNINCORPORATED,-120.69721231,38.207700289999998
90469104,2017,2017-06-01,9255,2017-05-20,1335,020142,,6,1,9,0500,0,1,3,,1,021,SR-4,"POOL STATION RD",1584.00,W,N,A,-,Y,,,4,,,,,,,N,3,0,1,1,A,-,05,21650,,N,F,A,A,A,H,-,A,D,0,,,Y,,Y,,C,02,0,1,0,0,0,0,0,0,1,"- ","- ",38.039999999999999,-120.6477,CALAVERAS,UNINCORPORATED,-120.64778665999999,38.039974000000001
90469765,2017,2017-06-02,9255,2017-05-30,2021,019640,,2,2,9,0500,0,3,5,,2,001,"JENNY LIND RD","DALEE RD",0.00,,Y,A,-,N,,,,,,,,,,N,4,0,2,2,A,-,09,21801,A,N,A,C,A,A,H,-,D,D,0,,,,,Y,,A,01,0,0,2,0,0,0,0,0,0,"- ","- ",38.12236,-120.87719,CALAVERAS,UNINCORPORATED,-120.87721993,38.122349980000003
90469790,2017,2017-06-02,9255,2017-05-27,1940,013939,,6,2,9,0500,0,2,4,,2,034,"MOUNTAIN RANCH ROAD","RODESINO ROAD",435.00,E,N,A,-,N,,,,,,,,,,Y,3,0,1,1,A,-,01,23152,A,N,E,I,A,A,H,-,A,D,0,,,,,Y,Y,A,07,0,1,0,0,0,0,0,0,0,"- ","- ",38.233339999999998,-120.53086,CALAVERAS,UNINCORPORATED,-120.53094732,38.233388120000001
90470067,2017,2017-06-29,9255,2017-05-16,1348,018363,,2,1,9,0500,0,1,3,,2,031,"STATE ROUTE 26","SKY HIGH DRIVE",863.00,W,N,A,-,Y,,,26,,,,,,,Y,1,1,2,2,A,-,01,23152,F,N,A,C,A,A,H,-,A,D,0,,,,,Y,,A,01,0,0,2,0,0,0,0,0,0,"- ","- ",38.338799999999999,-120.59775999999999,CALAVERAS,UNINCORPORATED,-120.59780223,38.338874300000001
90470933,2017,2017-06-05,9255,2017-05-31,0223,018453,,3,3,9,0500,0,3,5,,2,003,"RIDGE ROAD","BLUE RIDGE RD",2640.00,E,N,A,-,N,,,,,,,,,,Y,4,0,1,2,A,-,05,21460,A,N,B,C,A,A,H,-,D,D,0,,,,,Y,,A,01,0,0,1,0,0,0,0,0,0,"- ","- ",38.338610000000003,-120.56169,CALAVERAS,UNINCORPORATED,-120.56246586,38.338093819999997
90472143,2017,2017-06-06,9255,2017-05-27,0200,018894,,6,3,9,0500,0,3,5,,2,005,"USFS ROAD 6N65","USFS ROAD 6N64",10560.00,E,N,A,-,N,,,,,,,,,,N,2,0,1,1,A,-,08,22107,,N,F,A,A,A,A,-,D,D,0,,,,,Y,,A,42,1,0,0,0,0,0,0,0,0,"- ","- ",38.370190000000001,-120.25517000000001,CALAVERAS,UNINCORPORATED,-120.24278640999999,38.376014490000003
90472261,2017,2017-06-06,9255,2017-06-04,1555,018825,,7,2,9,0500,0,3,5,,2,001,"CAMANCHE PKY S","QUARTZ DR",0.00,,Y,A,-,N,,,,,,,,,,N,4,0,1,2,A,-,09,21804,A,N,D,C,A,A,H,-,A,D,0,,,Y,,Y,,C,02,0,0,1,0,0,0,0,0,1,"- ","- ",38.195500000000003,-120.93049999999999,CALAVERAS,UNINCORPORATED,-120.93048998,38.195529899999997
90472954,2017,2017-06-07,9255,2017-06-04,1610,019557,,7,2,9,0500,0,1,3,,1,010,SR-12,"CENTRAL HILL RD.",2112.00,E,N,A,-,Y,,,,,,,,,,Y,4,0,2,2,A,-,17,23114,A,N,E,J,A,A,H,-,A,D,0,,,Y,,Y,,E,22,0,0,2,0,0,0,0,0,2,"- ","- ",38.12838,-120.42536,CALAVERAS,UNINCORPORATED,-120.71678849,38.200771150000001
90473726,2017,2017-06-08,9255,2017-06-04,1800,019640,,7,2,9,0500,0,1,3,,2,031,SR-26,"WOODHOUSE MINE RD",5808.00,W,N,A,-,Y,,,26,,,,,,,N,3,0,1,1,A,-,08,22107,,N,E,I,A,A,H,-,A,D,0,,,Y,,Y,,C,02,0,1,0,0,0,0,0,0,1,"- ","- ",38.369610000000002,-120.54671999999999,CALAVERAS,UNINCORPORATED,-120.5466795,38.369654689999997
90475976,2017,2017-06-12,9255,2017-06-04,1530,018318,,7,2,9,0500,0,3,5,,2,001,"PALOMA RD.","CAMPO SECO RD",20.00,W,N,A,-,N,,,,,,,,,,Y,3,0,1,1,A,-,08,22107,,N,F,A,A,A,H,-,A,D,0,,,Y,,Y,,C,02,0,1,0,0,0,0,0,0,1,"- ","- ",38.226520000000001,-120.82065,CALAVERAS,UNINCORPORATED,-120.82059,38.226509999999998
90476206,2017,2017-06-12,9255,2017-05-29,2100,018894,,1,2,9,0500,0,3,5,,2,005,"MEADOW DR","BONFILIO DR",500.00,W,N,A,-,N,,,,,,,,,,Y,3,0,4,2,A,-,03,22350,,N,C,C,A,A,H,-,D,D,0,,,,,Y,,A,07,0,3,1,0,0,0,0,0,0,"- ","- ",38.24924,-120.32965,CALAVERAS,UNINCORPORATED,-120.32972396,38.249196040000001
90476740,2017,2017-06-13,9255,2017-06-06,1155,018825,,2,1,9,0500,0,3,5,,2,003,"BALD MOUNTAIN RD","JOHN EAPH TRL",528.00,W,N,A,-,N,,,,,,,,,,Y,4,0,1,2,A,-,05,21460,A,N,B,C,A,A,H,-,A,D,0,,,,,Y,,A,01,0,0,1,0,0,0,0,0,0,"- ","- ",38.399999999999999,-120.5119,CALAVERAS,UNINCORPORATED,-120.51178593,38.400135310000003
90476961,2017,2017-06-13,9255,2017-06-04,1350,018318,,7,1,9,0500,0,1,3,,1,011,SR-26,"PALOMA RD",6336.00,W,N,A,-,Y,,,26,,,,,,,Y,2,0,1,1,A,-,08,22107,,N,F,A,A,A,H,-,A,D,0,,,Y,,Y,,C,02,1,0,0,0,0,0,0,0,1,"- ","- ",38.245519999999999,-120.75743,CALAVERAS,UNINCORPORATED,-120.75745846,38.245545120000003
90477318,2017,2017-06-13,9255,2017-06-04,0900,018894,,7,1,9,0500,0,3,5,,2,005,"USFS ROAD 5N75","BOARDS CROSSING RD",2640.00,W,N,A,-,N,,,,,,,,,,N,2,0,1,1,A,-,03,22350,,N,F,A,A,A,A,-,A,D,0,,,Y,,Y,,C,02,1,0,0,0,0,0,0,0,1,"- ","- ",38.296840000000003,-120.2543,CALAVERAS,UNINCORPORATED,-120.26248455,38.2975487
90477586,2017,2017-06-14,9255,2017-06-07,1300,018873,,3,1,9,0500,0,1,3,,2,031,SR-26,"JOJOBA LN",280.00,W,N,A,-,Y,,,26,,,,,,,Y,2,0,1,1,A,-,08,22107,,N,F,A,A,A,H,-,A,D,0,,,,,Y,,D,22,1,0,0,0,0,0,0,0,0,"- ","- ",38.304650000000002,-120.67024000000001,CALAVERAS,UNINCORPORATED,-120.67023648999999,38.304640849999998
90478639,2017,2017-06-15,9255,2017-06-08,0030,013806,,4,3,9,0500,0,1,3,,2,050,"STATE ROUTE 4","CBTSP FIRE ROAD",108.00,W,N,A,-,Y,,,,,,,,,,Y,3,0,1,2,A,-,03,22350,,N,E,J,A,A,H,-,D,D,0,,,,,Y,,A,07,0,1,0,0,0,0,0,0,0,"- ","- ",38.164400000000001,-120.18380000000001,CALAVERAS,UNINCORPORATED,-120.22201538,38.339771229999997
90478677,2017,2017-06-15,9255,2017-06-10,1825,013939,,6,2,9,0500,0,1,3,,2,030,SR-49,"POVERTY GULCH CT",2000.00,N,N,A,-,Y,,,49,,,,,,,Y,4,0,1,1,A,-,05,21650,,N,F,A,A,A,H,-,A,D,0,,,Y,,Y,,C,02,0,0,1,0,0,0,0,0,1,"- ","- ",38.304079999999999,-120.72991,CALAVERAS,UNINCORPORATED,-120.72993801,38.30408868
90482259,2017,2017-06-20,9255,2017-06-17,1610,018363,,6,2,9,0500,0,1,3,,1,010,"STATE ROUTE 12","STATE ROUTE 49",860.00,W,N,A,-,Y,,,12,,,,,,,Y,3,0,4,2,A,-,05,21460,A,N,B,C,A,A,H,-,A,D,0,,,,,Y,,A,07,0,4,0,0,0,0,0,0,0,"- ","- ",38.206539999999997,-120.69958,CALAVERAS,UNINCORPORATED,-120.69956161,38.206581999999997
90482513,2017,2017-06-21,9255,2017-06-17,1645,019640,,6,2,9,0500,0,1,3,,2,031,SR-26,"MONTGOMERY DR",6336.00,E,N,A,-,Y,,,26,,,,,,,Y,3,0,1,1,A,-,08,22107,,N,E,I,A,A,H,-,A,D,0,,,Y,,Y,,C,02,0,1,0,0,0,0,0,0,1,"- ","- ",38.317210000000003,-120.65282000000001,CALAVERAS,UNINCORPORATED,-120.65275789,38.317193570000001
90482789,2017,2017-06-21,9255,2017-06-17,2345,019640,,6,3,9,0500,0,3,5,,2,003,"RAILROAD FLAT RD","JESUS MARIA RD",1056.00,S,N,A,-,N,,,,,,,,,,Y,4,0,1,1,A,-,01,23152,A,N,E,I,A,A,H,-,D,D,0,,,,,Y,Y,A,07,0,0,1,0,0,0,0,0,0,"- ","- ",38.28219,-120.50548999999999,CALAVERAS,UNINCORPORATED,-120.50531835,38.282109820000002
90483135,2017,2017-06-21,9255,2017-06-15,1330,013556,,4,1,9,0500,0,1,3,,2,040,SR-4,"BIG TREES RD",300.00,W,N,A,-,Y,,,,,,,,,,Y,4,0,1,2,A,-,09,21801,A,N,D,C,A,A,H,-,A,D,0,,,,,Y,,D,23,0,0,1,0,0,0,0,0,0,"- ","- ",38.917000000000002,-120.2724,CALAVERAS,UNINCORPORATED,-120.45657057,38.138347809999999
90483226,2017,2017-06-21,9255,2017-06-15,1635,013806,,4,2,9,0500,0,1,3,,1,010,"STATE ROUTE 12","CHESTNUT ST",538.00,N,N,A,-,Y,,,,,,,,,,Y,3,0,2,2,A,-,09,21804,A,N,D,C,A,A,H,-,A,A,0,,,,,Y,,A,07,0,1,1,0,0,0,0,0,0,"- ","- ",38.113199999999999,-120.49339999999999,CALAVERAS,UNINCORPORATED,-120.82626823,38.192539199999999
90483230,2017,2017-06-21,9255,2017-06-18,1050,015156,,7,1,9,0500,0,1,3,,2,031,"STATE ROUTE 26","DEARDORFF ROAD",3696.00,E,N,A,-,Y,,,26,,,,,,,N,3,0,2,1,A,-,03,22350,,N,F,A,A,A,H,-,A,D,0,,,Y,,Y,,C,02,0,1,1,0,0,0,0,0,2,"- ","- ",38.362830000000002,-120.56307,CALAVERAS,UNINCORPORATED,-120.56307117,38.362811440000002
90483901,2017,2017-06-22,9255,2017-06-19,2015,019640,,1,2,9,0500,0,1,3,,1,010,SR-12,"SONNY LANE",0.00,,Y,A,-,Y,,,12,,,,,,,Y,4,0,2,3,A,-,03,22350,,N,C,C,A,A,H,-,A,D,0,,,,,Y,,A,01,0,0,2,0,0,0,0,0,0,"- ","- ",38.185639999999999,-120.86587,CALAVERAS,UNINCORPORATED,-120.86585655,38.185593390000001