CASE_ID,ACCIDENT_YEAR,PROC_DATE,JURIS,COLLISION_DATE,COLLISION_TIME,OFFICER_ID,REPORTING_DISTRICT,DAY_OF_WEEK,CHP_SHIFT,POPULATION,CNTY_CITY_LOC,SPECIAL_COND,BEAT_TYPE,CHP_BEAT_TYPE,CITY_DIVISION_LAPD,CHP_BEAT_CLASS,BEAT_NUMBER,PRIMARY_RD,SECONDARY_RD,DISTANCE,DIRECTION,INTERSECTION,WEATHER_1,WEATHER_2,STATE_HWY_IND,CALTRANS_COUNTY,CALTRANS_DISTRICT,STATE_ROUTE,ROUTE_SUFFIX,POSTMILE_PREFIX,POSTMILE,LOCATION_TYPE,RAMP_INTERSECTION,SIDE_OF_HWY,TOW_AWAY,COLLISION_SEVERITY,NUMBER_KILLED,NUMBER_INJURED,PARTY_COUNT,PRIMARY_COLL_FACTOR,PCF_CODE_OF_VIOL,PCF_VIOL_CATEGORY,PCF_VIOLATION,PCF_VIOL_SUBSECTION,HIT_AND_RUN,TYPE_OF_COLLISION,MVIW,PED_ACTION,ROAD_SURFACE,ROAD_COND_1,ROAD_COND_2,LIGHTING,CONTROL_DEVICE,CHP_ROAD_TYPE,PEDESTRIAN_ACCIDENT,BICYCLE_ACCIDENT,MOTORCYCLE_ACCIDENT,TRUCK_ACCIDENT,NOT_PRIVATE_PROPERTY,ALCOHOL_INVOLVED,STWD_VEHTYPE_AT_FAULT,CHP_VEHTYPE_AT_FAULT,COUNT_SEVERE_INJ,COUNT_VISIBLE_INJ,COUNT_COMPLAINT_PAIN,COUNT_PED_KILLED,COUNT_PED_INJURED,COUNT_BICYCLIST_KILLED,COUNT_BICYCLIST_INJURED,COUNT_MC_KILLED,COUNT_MC_INJURED,PRIMARY_RAMP,SECONDARY_RAMP,LATITUDE,LONGITUDE,COUNTY,CITY,POINT_X,POINT_Y
90524258,2017,2017-08-16,9255,2017-08-07,1925,019557,,1,2,9,0500,0,3,5,,2,002,"DOGTOWN RD.","SCHMAUDER MINE RD.",528.00,E,N,A,-,N,,,,,,,,,,Y,3,0,1,1,A,-,08,22107,,N,F,A,A,A,H,-,A,D,0,,,,,Y,,A,01,0,1,0,0,0,0,0,0,0,"- ","- ",38.099559999999997,-120.56247999999999,CALAVERAS,UNINCORPORATED,-120.55858339,38.095990290000003
90524266,2017,2017-08-16,9255,2017-08-08,1625,019557,,2,2,9,0500,0,1,3,,1,010,SR-12,"CENTRAL HILL RD.",0.00,,Y,A,-,Y,,,,,,,,,,Y,4,0,1,2,A,-,09,21802,A,N,D,C,A,A,H,-,A,D,0,,,,,Y,,A,01,0,0,1,0,0,0,0,0,0,"- ","- ",38.127360000000003,-120.43234,CALAVERAS,UNINCORPORATED,-120.72320986,38.202159889999997
90524278,2017,2017-08-17,9255,2017-08-09,1400,017324,,3,2,9,0500,0,2,4,,1,022,"O'BYRNES FERRY ROAD","DUCHESS DRIVE",61.00,S,N,A,-,N,,,,,,,,,,Y,4,0,1,2,A,-,04,21703,,N,C,C,A,A,H,-,A,D,0,,,,,Y,,D,22,0,0,1,0,0,0,0,0,0,"- ","- ",37.904040000000002,-120.58206,CALAVERAS,UNINCORPORATED,-120.5820259,37.90407544
90524739,2017,2017-08-16,9255,2017-08-11,0915,018825,,5,1,9,0500,0,1,3,,1,010,SR-12,"PINE ST",4224.00,W,N,A,-,Y,,,12,,,,,,,Y,4,0,2,2,A,-,08,22107,,N,B,C,A,A,H,-,A,D,0,,,,,Y,,A,07,0,0,2,0,0,0,0,0,0,"- ","- ",38.185000000000002,-120.8437,CALAVERAS,UNINCORPORATED,-120.84369368,38.185010869999999
90524757,2017,2017-08-16,9255,2017-08-10,1708,019525,,4,2,9,0500,0,1,3,,2,040,SR-4,"NORTHWOOD DR",1584.00,E,N,A,-,Y,,,4,,,,,,,Y,2,0,1,1,A,-,08,22107,,N,E,I,A,A,H,-,A,D,0,,,,,Y,,D,22,1,0,0,0,0,0,0,0,0,"- ","- ",38.173459999999999,-120.39617,CALAVERAS,UNINCORPORATED,-120.39618215,38.173477830000003
90525481,2017,2017-08-17,9255,2017-08-11,1100,018825,,5,1,9,0500,0,1,3,,1,011,SR-26,"CAMPO SECO TPKE",0.00,,Y,A,-,Y,,,26,,,,,,,Y,4,0,2,2,A,-,09,21801,A,N,A,C,A,A,H,-,A,D,0,,,,,Y,,A,01,0,0,2,0,0,0,0,0,0,"- ","- ",38.282200000000003,-120.7277,CALAVERAS,UNINCORPORATED,-120.72768546,38.282187610000001
90527247,2017,2017-08-21,9255,2017-08-14,1815,018363,,1,2,9,0500,0,1,3,,1,010,"STATE ROUTE 12","STATE ROUTE 26",3474.00,W,N,A,-,Y,,,12,,,,,,,Y,3,0,2,1,A,-,01,23153,A,N,E,I,A,A,H,-,A,D,0,,,,,Y,Y,A,01,0,2,0,0,0,0,0,0,0,"- ","- ",38.208599999999997,-120.77561,CALAVERAS,UNINCORPORATED,-120.77560941,38.208580480000002
90528346,2017,2017-08-22,9255,2017-08-20,0948,019640,,7,1,9,0500,0,1,3,,1,011,SR-26,"VISTA DEL LAGO DR",850.00,W,N,A,-,Y,,,26,,,,,,,Y,4,0,1,2,A,-,03,22350,,N,C,C,A,A,H,-,A,D,0,,,,,Y,,A,01,0,0,1,0,0,0,0,0,0,"- ","- ",38.167070000000002,-120.84063999999999,CALAVERAS,UNINCORPORATED,-120.84055802,38.167004259999999
90528995,2017,2017-08-23,9255,2017-08-15,2010,019557,,2,2,9,0500,0,3,5,,2,001,"BALDWIN ST.","GARNER PL.",20.00,W,N,A,-,N,,,,,,,,,,Y,4,0,1,1,A,-,01,23152,A,N,E,I,A,A,H,-,B,D,0,,,,,Y,Y,A,01,0,0,1,0,0,0,0,0,0,"- ","- ",38.118139999999997,-120.86096000000001,CALAVERAS,UNINCORPORATED,-120.86099032,38.118132109999998
90529703,2017,2017-08-23,9255,2017-08-11,1500,019525,,5,2,9,0500,0,1,3,,1,011,SR-26,"OLIVE ORCHARD RD",0.00,,Y,A,-,Y,,,26,,,,,,,Y,4,0,1,2,A,-,03,22350,,N,C,C,A,A,H,-,A,D,0,,,,,Y,,D,22,0,0,1,0,0,0,0,0,0,"- ","- ",38.130180000000003,-120.8741,CALAVERAS,UNINCORPORATED,-120.87411056000001,38.130186010000003
90529944,2017,2017-08-24,9255,2017-08-18,2122,013939,,5,2,9,0500,0,1,3,,2,030,SR-49,SR-12,205.00,N,N,A,-,Y,,,49,,,,,,,Y,4,0,1,1,A,-,08,22107,,N,F,A,A,A,H,-,C,D,0,,,,,Y,,A,01,0,0,1,0,0,0,0,0,0,"- ","- ",38.205559999999998,-120.69726,CALAVERAS,UNINCORPORATED,-120.69724511,38.205559999999998
90533764,2017,2017-08-25,9255,2017-08-20,0245,013939,,7,3,9,0500,0,1,3,,1,010,SR-12,"SAWMILL STREET",0.00,,Y,A,-,Y,,,12,,,,,,,Y,4,0,1,1,A,-,08,22107,,N,E,I,A,A,H,-,C,A,0,,,,,Y,,A,07,0,0,1,0,0,0,0,0,0,"- ","- ",38.195129999999999,-120.97924,CALAVERAS,UNINCORPORATED,-120.97913143,38.195196840000001
90535977,2017,2017-08-29,9255,2017-08-20,1130,015872,,7,1,9,0500,0,1,3,,1,021,SR-4,"STALLION WAY",1584.00,W,N,A,-,Y,,,4,,,,,,,Y,2,0,4,2,A,-,08,22107,,N,A,C,A,A,H,-,A,D,0,,,,,Y,,A,07,1,2,1,0,0,0,0,0,0,"- ","- ",38.051630000000003,-120.62532,CALAVERAS,UNINCORPORATED,-120.62532057,38.051631469999997
90536957,2017,2017-08-30,9255,2017-08-20,1645,019557,,7,2,9,0500,0,1,3,,1,021,SR-4,"STOCKTON RD.",12672.00,W,N,A,-,Y,,,4,,,,,,,Y,4,0,2,2,A,-,08,22107,,N,D,C,A,A,H,-,A,D,0,,,,,Y,,A,07,0,0,2,0,0,0,0,0,0,"- ","- ",38.067129999999999,-120.59905999999999,CALAVERAS,UNINCORPORATED,-120.59905972,38.067134889999998
90537242,2017,2017-08-30,9255,2017-08-20,1815,018894,,7,2,9,0500,0,3,5,,2,004,"UTICA POWER HOUSE RD","STATE ROUTE 4",500.00,W,N,A,-,N,,,,,,,,,,Y,4,0,1,1,A,-,08,22107,,N,F,A,A,A,H,-,A,D,0,,,Y,,Y,,C,02,0,0,1,0,0,0,0,0,1,"- ","- ",38.15645,-120.43715,CALAVERAS,UNINCORPORATED,-120.44848,38.146529999999998
90538167,2017,2017-08-31,9255,2017-08-22,1118,015872,,2,1,9,0500,0,1,3,,1,020,SR-49,"GUN CLUB ROAD",145.00,S,N,A,-,Y,,,49,,,,,,,Y,3,0,3,2,A,-,08,22107,,N,E,I,A,A,H,-,A,D,0,,,,,Y,,A,01,0,1,2,0,0,0,0,0,0,"- ","- ",38.045349999999999,-120.52522999999999,CALAVERAS,UNINCORPORATED,-120.52529632,38.045284090000003
90538374,2017,2017-08-31,9255,2017-08-26,1425,015872,,6,2,9,0500,0,1,3,,2,040,SR-4,"SUNSET RIDGE COURT",192.00,E,N,A,-,Y,,,4,,,,,,,Y,2,0,3,2,A,-,05,21460,A,N,A,C,A,A,H,-,A,D,0,,,,,Y,,A,07,3,0,0,0,0,0,0,0,0,"- ","- ",38.168520000000001,-120.41448,CALAVERAS,UNINCORPORATED,-120.41446062,38.168496130000001
90538711,2017,2017-09-01,9255,2017-08-28,2200,018318,,1,3,9,0500,0,1,3,,1,010,SR-12,"CENTRAL HILL RD",900.00,E,N,A,-,Y,,,12,,,,,,,Y,4,0,1,1,C,-,18,,,N,H,H,A,A,H,-,D,D,0,,,,,Y,,-,"- ",0,0,1,0,0,0,0,0,0,"- ","- ",38.201160000000002,-120.7162,CALAVERAS,UNINCORPORATED,-120.71617264,38.201116769999999
90540299,2017,2017-09-05,9255,2017-08-25,1538,017324,,5,2,9,0500,0,1,3,,1,021,"STATE ROUTE 4","BONANZA MINE WAY",2640.00,E,N,A,-,Y,,,4,,,,,,,Y,3,0,2,1,A,-,08,22107,,N,E,I,A,A,H,-,A,D,0,,,,,Y,,A,08,0,1,1,0,0,0,0,0,0,"- ","- ",38.0261,-120.64569,CALAVERAS,UNINCORPORATED,-120.64569882000001,38.026095460000001
90540307,2017,2017-09-05,9255,2017-08-30,0955,018825,,3,1,9,0500,0,1,3,,2,031,SR-26,"PONDEROSA WAY",1584.00,W,N,A,-,Y,,,26,,,,,,,N,4,0,1,2,A,-,05,21460,A,N,B,C,A,A,H,-,A,D,0,,,,,Y,,-,"- ",0,0,1,0,0,0,0,0,0,"- ","- ",38.335599999999999,-120.6186,CALAVERAS,UNINCORPORATED,-120.61859634,38.335595060000003
90540437,2017,2017-09-05,9255,2017-08-24,1641,019525,,4,2,9,0500,0,1,3,,2,030,SR-49,"POOL STATION RD",20.00,S,N,A,-,Y,,,49,,,,,,,Y,3,0,1,2,A,-,03,22350,,N,C,C,A,A,H,-,A,D,0,,,,,Y,,A,01,0,1,0,0,0,0,0,0,0,"- ","- ",38.201079999999997,-120.69244,CALAVERAS,UNINCORPORATED,-120.69244596999999,38.20106509
90542199,2017,2017-09-06,9255,2017-09-05,0710,019389,,2,1,9,0500,0,1,3,,1,011,SR-26,"GOLD CREEK DR",417.00,W,N,A,-,Y,,,26,,,,,,,Y,3,0,1,1,A,-,08,22107,,N,F,A,A,A,H,-,A,D,0,,,,Y,Y,,F,26,0,1,0,0,0,0,0,0,0,"- ","- ",38.176490000000001,-120.83103,CALAVERAS,UNINCORPORATED,-120.83116320000001,38.176510639999996
90542552,2017,2017-09-07,9255,2017-09-02,0730,020142,,6,1,9,0500,0,3,5,,2,002,"VALLECITO RD",SR-4,272.00,S,N,A,-,N,,,,,,,,,,Y,2,0,1,1,A,-,08,22107,,N,F,A,A,A,H,-,A,D,0,,,Y,,Y,,C,02,1,0,0,0,0,0,0,0,1,"- ","- ",38.078749999999999,-120.52731,CALAVERAS,UNINCORPORATED,-120.52716494000001,38.078533129999997
90542923,2017,2017-09-07,9255,2017-08-27,1525,015872,,7,2,9,0500,0,1,3,,1,011,SR-26,"HOGAN DAM ROAD",80.00,W,N,A,-,Y,,,,,,,,,,Y,4,0,2,2,A,-,03,22350,,N,E,I,A,A,H,-,A,D,0,,,,,Y,,A,01,0,0,2,0,0,0,0,0,0,"- ","- ",,,CALAVERAS,UNINCORPORATED,-120.82566,38.185490000000001
90544553,2017,2017-09-11,9255,2017-09-05,1305,018894,,2,1,9,0500,0,1,3,,1,020,"STATE ROUTE 49","RED HILL RD",5280.00,S,N,A,-,Y,,,49,,,,,,,N,3,0,1,1,A,-,08,22107,,N,F,A,A,A,H,-,A,D,0,,,Y,,Y,,C,02,0,1,0,0,0,0,0,0,1,"- ","- ",38.026969999999999,-120.51132,CALAVERAS,UNINCORPORATED,-120.51133636,38.027001900000002
90545774,2017,2017-11-13,9255,2017-07-13,2030,013939,,4,2,9,0500,0,1,3,,2,030,SR-49,"BIG BAR ROAD",1584.00,S,N,A,-,Y,,,49,,,,,,,Y,1,1,0,1,C,-,18,,,N,E,I,A,A,H,-,D,D,0,,,,Y,Y,,-,"- ",0,0,0,0,0,0,0,0,0,"- ","- ",38.30912,-120.72516,CALAVERAS,UNINCORPORATED,-120.72517247,38.309130260000003
90546140,2017,2017-09-12,9255,2017-09-07,1835,018492,,4,2,9,0500,0,3,5,,2,004,"RED HILL RD","RUNNING SPRINGS RD",1584.00,N,N,A,-,N,,,,,,,,,,Y,4,0,1,1,A,-,03,22350,,N,E,I,A,A,H,-,A,D,0,,,,,Y,,A,07,0,0,1,0,0,0,0,0,0,"- ","- ",38.067129999999999,-120.49713,CALAVERAS,UNINCORPORATED,-120.49550186,38.06942385
90548456,2017,2017-09-15,9255,2017-09-13,0550,020142,,3,3,9,0500,0,3,5,,2,001,"MILTON RD","MAIN ST",4752.00,S,N,A,-,N,,,,,,,,,,Y,3,0,1,1,A,-,08,22107,,N,F,A,A,A,H,-,C,D,0,,,,,Y,,D,22,0,1,0,0,0,0,0,0,0,"- ","- ",38.082349999999998,-120.87336999999999,CALAVERAS,UNINCORPORATED,-120.87111165,38.075926709999997
90548464,2017,2017-09-15,9255,2017-09-13,0735,020142,,3,1,9,0500,0,1,3,,2,031,SR-26,"LOWER DORRAY RD",528.00,E,N,A,-,Y,,,26,,,,,,,Y,3,0,1,2,A,-,05,21460,A,N,B,C,A,A,H,-,A,D,0,,,,,Y,,A,01,0,1,0,0,0,0,0,0,0,"- ","- ",38.34064,-120.60601,CALAVERAS,UNINCORPORATED,-120.60599375,38.340686679999997
90549687,2017,2017-09-18,9255,2017-09-10,0020,019557,,7,3,9,0500,0,3,5,,2,001,"BALDWIN ST.","USHER DR.",1584.00,S,N,A,-,Y,,,,,,,,,,Y,2,0,1,1,A,-,08,22107,,N,E,I,A,A,H,-,D,D,0,,,,,Y,Y,D,22,1,0,0,0,0,0,0,0,0,"- ","- ",38.724890000000002,-120.50565,CALAVERAS,UNINCORPORATED,-120.84853527999999,38.123763480000001
90549931,2017,2017-09-18,9255,2017-09-15,1849,017324,,5,2,9,0500,0,1,3,,1,020,"STATE ROUTE 49","RED HILL ROAD",1056.00,S,N,A,-,Y,,,49,,,,,,,Y,4,0,1,1,A,-,08,22107,,N,E,J,A,A,D,-,B,A,0,,,,,Y,,A,01,0,0,1,0,0,0,0,0,0,"- ","- ",38.033189999999998,-120.50623,CALAVERAS,UNINCORPORATED,-120.50629135,38.033184419999998
90551856,2017,2017-09-20,9255,2017-09-08,1410,015872,,5,2,9,0500,0,1,3,,2,030,SR-49,SR-12,1320.00,N,N,A,-,Y,,,49,,,,,,,Y,4,0,1,2,A,-,04,21703,,N,C,C,A,A,H,-,A,D,0,,,,,Y,,A,01,0,0,1,0,0,0,0,0,0,"- ","- ",38.208390000000001,-120.69719000000001,CALAVERAS,UNINCORPORATED,-120.69719762,38.208390139999999
90552084,2017,2017-09-20,9255,2017-09-12,1922,018453,,2,2,9,0500,0,1,3,,1,010,SR-12,"OAK LEAF LANE",55.00,E,N,A,-,Y,,,12,,,,,,,Y,3,0,1,1,A,-,01,23152,A,N,E,I,A,A,H,-,D,D,0,,,,,Y,Y,D,22,0,1,0,0,0,0,0,0,0,"- ","- ",38.185389999999998,-120.85972,CALAVERAS,UNINCORPORATED,-120.85972545,38.18535018
90553164,2017,2017-10-19,9255,2017-09-13,0708,019525,,3,1,9,0500,0,1,3,,2,040,SR-4,"REDHILL ROAD",2640.00,W,N,A,-,Y,,,4,,,,,,,Y,4,0,3,2,A,-,03,22350,,N,C,C,A,A,D,-,A,D,0,,,,,Y,,A,07,0,0,3,0,0,0,0,0,0,"- ","- ",38.093519999999998,-120.49088,CALAVERAS,UNINCORPORATED,-120.49087992,38.09352414
90555331,2017,2017-09-25,9255,2017-09-21,1800,017324,,4,2,9,0500,0,1,3,,2,030,"STATE ROUTE 49","SAN DOMINGO CREEK",3168.00,N,N,A,-,Y,,,49,,,,,,,Y,4,0,1,1,A,-,08,22107,,N,F,A,A,A,H,-,A,D,0,,,,,Y,,A,01,0,0,1,0,0,0,0,0,0,"- ","- ",38.121600000000001,-120.62365,CALAVERAS,UNINCORPORATED,-120.62368050000001,38.121548910000001
90556199,2017,2017-09-26,9255,2017-09-16,1415,018894,,6,2,9,0500,0,3,5,,2,005,"USFS ROAD 7N08","SUMMIT LEVEL RD",10560.00,N,N,A,-,N,,,,,,,,,,Y,4,0,1,1,A,-,08,22107,,N,F,A,A,A,H,-,A,D,0,,,Y,,Y,,C,02,0,0,1,0,0,0,0,0,1,"- ","- ",38.312060000000002,-120.32052,CALAVERAS,UNINCORPORATED,-120.32125711,38.311608769999999
90556222,2017,2017-09-26,9255,2017-09-15,0810,015872,,5,1,9,0500,0,2,4,,2,034,"MOUNTAIN RANCH ROAD","LOWER MICHEL ROAD",2640.00,N,N,A,-,N,,,,,,,,,,Y,3,0,1,1,A,-,01,23152,F,N,E,I,A,A,H,-,A,D,0,,,,,Y,,A,07,0,1,0,0,0,0,0,0,0,"- ","- ",38.204360000000001,-120.57628,CALAVERAS,UNINCORPORATED,-120.58224678000001,38.199920329999998
90556326,2017,2017-09-26,9255,2017-09-25,0727,019640,,1,1,9,0500,0,1,3,,2,040,SR-4,"LASHKOFF RD",1584.00,E,N,A,-,Y,,,4,,,,,,,N,3,0,1,1,C,-,18,,,N,H,H,A,A,H,-,A,D,0,,,Y,,Y,,-,"- ",0,1,0,0,0,0,0,0,1,"- ","- ",38.165039999999998,-120.42493,CALAVERAS,UNINCORPORATED,-120.42493247,38.164980730000003
90556346,2017,2017-09-26,9255,2017-09-23,1811,018453,,6,2,9,0500,0,1,3,,1,020,SR-49,"COSGRAVE ROAD",4752.00,N,N,A,-,Y,,,49,,,,,,,Y,4,0,4,3,A,-,05,21460,A,M,A,C,A,A,H,-,A,D,0,,,,Y,Y,,A,01,0,0,4,0,0,0,0,0,0,"- ","- ",38.11504,-120.61524,CALAVERAS,UNINCORPORATED,-120.61523883,38.115042510000002
90557486,2017,2017-09-27,9255,2017-09-27,1255,015156,,3,1,9,0500,0,2,4,,1,022,"O'BYRNES FERRY ROAD","PHEASANT RUN DRIVE",4752.00,S,N,A,-,N,,,,,,,,,,Y,4,0,1,1,C,-,18,,,N,E,I,A,A,H,-,A,D,0,,,,,Y,,-,"- ",0,0,1,0,0,0,0,0,0,"- ","- ",37.928609999999999,-120.5979,CALAVERAS,UNINCORPORATED,-120.59607468999999,37.92471449
90559662,2017,2017-09-29,9255,2017-09-21,1625,015872,,4,2,9,0500,0,1,3,,2,030,SR-49,"ANGELS ROAD",319.00,N,N,A,-,Y,,,49,,,,,,,N,3,0,1,2,A,-,09,21801,A,N,F,A,A,A,H,-,A,D,0,,,Y,,Y,,A,07,0,1,0,0,0,0,0,0,1,"- ","- ",38.191519999999997,-120.67552000000001,CALAVERAS,UNINCORPORATED,-120.67551693,38.191521940000001
90559668,2017,2017-09-29,9255,2017-09-22,1630,015872,,5,2,9,0500,0,3,5,,2,001,"BURSON ROAD","RICKS DRIVE",105.00,N,N,A,-,N,,,,,,,,,,Y,4,0,1,2,A,-,05,21460,A,M,F,A,A,A,H,-,A,D,0,,,,Y,Y,,A,07,0,0,1,0,0,0,0,0,0,"- ","- ",38.126800000000003,-120.90837000000001,CALAVERAS,UNINCORPORATED,-120.90836987,38.126737249999998
90559809,2017,2017-09-29,9255,2017-09-28,0300,020142,,4,3,9,0500,0,3,5,,2,001,"GWIN MINE RD","THOMAS ST",5808.00,N,N,A,-,N,,,,,,,,,,Y,3,0,1,1,A,-,21,22106,,N,E,I,A,A,H,-,D,D,0,,,,,Y,,A,07,0,1,0,0,0,0,0,0,0,"- ","- ",38.274700000000003,-120.75839999999999,CALAVERAS,UNINCORPORATED,-120.75838724,38.27489654
90560187,2017,2017-09-29,9255,2017-09-22,1310,019525,,5,1,9,0500,0,1,3,,2,040,SR-4,"GOLDEN CREEK DR",24.00,E,N,B,-,Y,,,4,,,,,,,Y,4,0,2,3,A,-,03,22350,,N,C,C,A,A,H,-,A,D,0,,,,,Y,,D,22,0,0,2,0,0,0,0,0,0,"- ","- ",38.0929,-120.49578,CALAVERAS,UNINCORPORATED,-120.49577667,38.092881429999998
90560322,2017,2017-09-29,9255,2017-09-22,0910,020142,,5,1,9,0500,0,1,3,,2,031,SR-26,"STORMY LN",130.00,E,N,A,-,Y,,,26,,,,,,,Y,4,0,1,1,A,-,08,22107,,N,E,I,A,A,H,-,A,D,0,,,,,Y,,A,07,0,0,1,0,0,0,0,0,0,"- ","- ",38.340879999999999,-120.59173,CALAVERAS,UNINCORPORATED,-120.59167166,38.340825979999998
90561438,2017,2018-01-10,9255,2017-09-16,1510,015872,,6,2,9,0500,0,1,3,,1,021,SR-4,"STALLION WAY",4224.00,E,N,A,-,Y,,,4,,,,,,,Y,1,1,1,2,A,-,03,22350,,N,F,A,A,A,H,-,A,D,0,,,Y,,Y,,C,02,0,1,0,0,0,0,0,1,0,"- ","- ",38.064050000000002,-120.61906,CALAVERAS,UNINCORPORATED,-120.61907673,38.06405668
90561834,2017,2017-10-03,9255,2017-09-25,0025,018453,,1,3,9,0500,0,1,3,,2,031,SR-26,"STORMY LN",45.00,E,N,A,-,Y,,,26,,,,,,,Y,3,0,1,1,A,-,08,22107,,N,E,I,A,A,H,-,D,D,0,,,,,Y,,A,07,0,1,0,0,0,0,0,0,0,"- ","- ",38.340949999999999,-120.59162999999999,CALAVERAS,UNINCORPORATED,-120.5915969,38.340904569999999
90562201,2017,2017-10-03,9255,2017-09-25,1615,018894,,1,2,9,0500,0,1,3,,2,050,"STATE ROUTE 4","PINE DR",57.00,E,N,A,-,Y,,,4,,,,,,,Y,3,0,1,2,A,-,03,22350,,N,C,C,A,A,H,-,A,D,0,,,,,Y,,A,07,0,1,0,0,0,0,0,0,0,"- ","- ",38.2532,-120.35505000000001,CALAVERAS,UNINCORPORATED,-120.35502479,38.253168129999999
90563308,2017,2017-10-04,9255,2017-09-30,1920,018825,,6,2,9,0500,0,1,3,,1,011,SR-26,"HAGEN CT",25.00,W,N,A,-,Y,,,26,,,,,,,N,2,0,2,2,C,-,18,,,N,E,J,A,A,H,-,D,D,0,,,Y,,Y,,-,"- ",1,0,1,0,0,0,0,0,2,"- ","- ",38.136200000000002,-120.8677,CALAVERAS,UNINCORPORATED,-120.86771673,38.136210079999998
90564774,2017,2017-10-06,9255,2017-09-27,1250,019525,,3,1,9,0500,0,1,3,,2,030,SR-49,"COURT ST",18.00,N,N,A,-,Y,,,49,,,,,,,N,3,0,1,2,A,-,03,22350,,N,G,B,D,A,H,-,A,A,0,Y,,,,Y,,D,22,0,1,0,0,1,0,0,0,0,"- ","- ",38.196739999999998,-120.68226,CALAVERAS,UNINCORPORATED,-120.68228071,38.196676289999999
90566298,2017,2017-10-09,9255,2017-10-01,1238,019640,,7,1,9,0500,0,1,3,,2,031,SR-26,"WINTON RD",5.00,W,N,A,-,Y,,,26,,,,,,,Y,4,0,1,1,A,-,08,22107,,N,E,I,A,A,H,-,A,D,0,,,Y,,Y,,C,02,0,0,1,0,0,0,0,0,1,"- ","- ",38.40269,-120.52500000000001,CALAVERAS,UNINCORPORATED,-120.52517822,38.402611370000002
90566522,2017,2017-10-10,9255,2017-10-01,2312,018453,,7,3,9,0500,0,1,3,,2,030,SR-49,"CAROL KENNEDY RD",1800.00,S,N,A,-,Y,,,49,,,,,,,Y,3,0,1,1,A,-,01,23152,A,N,E,I,A,A,H,-,D,D,0,,,,,Y,Y,D,22,0,1,0,0,0,0,0,0,0,"- ","- ",38.1417,-120.63583,CALAVERAS,UNINCORPORATED,-120.63585872,38.141689249999999
90568378,2017,2017-10-11,9255,2017-10-05,1120,018825,,4,1,9,0500,0,1,3,,2,031,SR-26,"STORMY LN",255.00,E,N,A,-,Y,,,26,,,,,,,N,4,0,1,1,A,-,08,22107,,N,B,I,A,A,H,-,A,D,0,,,,,Y,,D,22,0,0,1,0,0,0,0,0,0,"- ","- ",38.341099999999997,-120.5912,CALAVERAS,UNINCORPORATED,-120.59119824,38.341092719999999
90568921,2017,2017-10-12,9255,2017-10-09,2030,018363,,1,2,9,0500,0,3,5,,2,005,"MORAN RD","LIGHTNING LN",2308.00,N,N,A,-,N,,,,,,,,,,Y,2,0,1,1,A,-,08,22107,,N,F,A,A,A,B,-,D,D,0,,,Y,,Y,,C,02,1,0,0,0,0,0,0,0,1,"- ","- ",38.230899999999998,-120.3546,CALAVERAS,UNINCORPORATED,-120.34322037,38.239504529999998
90570191,2017,2017-10-13,9255,2017-10-06,1000,019525,,5,1,9,0500,0,1,3,,2,031,SR-26,"DEARDORFF RD",4224.00,E,N,A,-,Y,,,26,,,,,,,Y,3,0,1,1,A,-,08,22107,,N,E,I,A,A,H,-,A,D,0,,,,,Y,,D,22,0,1,0,0,0,0,0,0,0,"- ","- ",38.368319999999997,-120.55592,CALAVERAS,UNINCORPORATED,-120.55592625,38.368310469999997
90570965,2017,2017-10-16,9255,2017-10-10,1515,020142,,2,2,9,0500,0,2,4,,2,034,"MOUNTAIN RANCH RD","OAK PARK DR",1056.00,E,N,A,-,N,,,,,,,,,,Y,3,0,1,1,A,-,08,22107,,N,F,A,A,A,H,-,A,D,0,,,Y,,Y,,C,02,0,1,0,0,0,0,0,0,1,"- ","- ",38.189729999999997,-120.65711,CALAVERAS,UNINCORPORATED,-120.65687336000001,38.189730900000001
90572364,2017,2017-10-18,9255,2017-10-08,1420,019557,,7,2,9,0500,0,3,5,,2,001,"PARDEE DAM RD.","CAMPO SECO RD.",5280.00,N,N,A,-,N,,,,,,,,,,N,4,0,2,1,A,-,03,22350,,N,E,I,A,A,H,-,A,D,0,,,Y,,Y,,C,02,0,0,2,0,0,0,0,0,2,"- ","- ",38.143189999999997,-120.50345,CALAVERAS,UNINCORPORATED,-120.84235876,38.241998119999998
90573350,2017,2017-10-18,9255,2017-10-10,1250,019557,,2,1,9,0500,0,1,3,,2,030,SR-49,"ANGELS  RD.",347.00,N,N,A,-,Y,,,49,,,,,,,Y,3,0,3,2,A,-,09,21801,A,N,A,C,A,A,H,-,A,D,0,,,,,Y,,A,07,0,3,0,0,0,0,0,0,0,"- ","- ",38.186819999999997,-120.67350999999999,CALAVERAS,UNINCORPORATED,-120.67352092,38.186808990000003
90574088,2017,2017-10-19,9255,2017-10-16,1700,020142,,1,2,9,0500,0,3,5,,2,001,"BURSON RD","DICKANSON CT",630.00,S,N,A,-,N,,,,,,,,,,Y,3,0,1,1,A,-,08,22107,,N,E,I,A,A,H,-,A,D,0,,,,,Y,,D,22,0,1,0,0,0,0,0,0,0,"- ","- ",38.188699999999997,-120.89019,CALAVERAS,UNINCORPORATED,-120.89017979,38.188851239999998