CASE_ID,ACCIDENT_YEAR,PROC_DATE,JURIS,COLLISION_DATE,COLLISION_TIME,OFFICER_ID,REPORTING_DISTRICT,DAY_OF_WEEK,CHP_SHIFT,POPULATION,CNTY_CITY_LOC,SPECIAL_COND,BEAT_TYPE,CHP_BEAT_TYPE,CITY_DIVISION_LAPD,CHP_BEAT_CLASS,BEAT_NUMBER,PRIMARY_RD,SECONDARY_RD,DISTANCE,DIRECTION,INTERSECTION,WEATHER_1,WEATHER_2,STATE_HWY_IND,CALTRANS_COUNTY,CALTRANS_DISTRICT,STATE_ROUTE,ROUTE_SUFFIX,POSTMILE_PREFIX,POSTMILE,LOCATION_TYPE,RAMP_INTERSECTION,SIDE_OF_HWY,TOW_AWAY,COLLISION_SEVERITY,NUMBER_KILLED,NUMBER_INJURED,PARTY_COUNT,PRIMARY_COLL_FACTOR,PCF_CODE_OF_VIOL,PCF_VIOL_CATEGORY,PCF_VIOLATION,PCF_VIOL_SUBSECTION,HIT_AND_RUN,TYPE_OF_COLLISION,MVIW,PED_ACTION,ROAD_SURFACE,ROAD_COND_1,ROAD_COND_2,LIGHTING,CONTROL_DEVICE,CHP_ROAD_TYPE,PEDESTRIAN_ACCIDENT,BICYCLE_ACCIDENT,MOTORCYCLE_ACCIDENT,TRUCK_ACCIDENT,NOT_PRIVATE_PROPERTY,ALCOHOL_INVOLVED,STWD_VEHTYPE_AT_FAULT,CHP_VEHTYPE_AT_FAULT,COUNT_SEVERE_INJ,COUNT_VISIBLE_INJ,COUNT_COMPLAINT_PAIN,COUNT_PED_KILLED,COUNT_PED_INJURED,COUNT_BICYCLIST_KILLED,COUNT_BICYCLIST_INJURED,COUNT_MC_KILLED,COUNT_MC_INJURED,PRIMARY_RAMP,SECONDARY_RAMP,LATITUDE,LONGITUDE,COUNTY,CITY,POINT_X,POINT_Y
90699536,2018,2018-04-05,9255,2018-03-29,1220,017324,,4,1,9,0500,0,2,4,,1,022,"O'BRYNES FERRY ROAD","COPPER COVE DR",0.00,,Y,A,-,N,,,,,,,,,,Y,2,0,2,3,A,-,03,22350,,N,C,C,A,A,H,-,A,A,0,,,,,Y,,M,47,1,1,0,0,0,0,0,0,0,"- ","- ",37.940040588378906,-120.60549926757812,CALAVERAS,UNINCORPORATED,-120.60544,37.94003
90700295,2018,2018-04-06,9255,2018-04-01,1830,020563,,7,2,9,0500,0,3,5,,2,001,"MEADOWWOOD DR","STAGECOACH DR",50.00,N,N,A,-,N,,,,,,,,,,N,4,0,1,1,A,-,21,22106,,N,F,A,A,A,H,-,A,D,0,,,Y,,Y,,C,03,0,0,1,0,0,0,0,0,1,"- ","- ",38.160888671875,-120.83026123046875,CALAVERAS,UNINCORPORATED,-120.83029174804688,38.160835266113281
90704308,2018,2018-04-12,9255,2018-04-03,1320,019525,,2,1,9,0500,0,3,5,,2,001,"OLIVE ORCHARD RD",SR-26,1056.00,N,N,A,-,N,,,,,,,,,,Y,4,0,1,1,A,-,08,22107,,N,E,I,A,A,H,-,A,D,0,,,,,Y,,A,01,0,0,1,0,0,0,0,0,0,"- ","- ",38.132148742675781,-120.87712860107422,CALAVERAS,UNINCORPORATED,-120.87683868408203,38.131900787353516
90705222,2018,2018-04-13,9255,2018-04-11,1444,017324,,3,2,9,0500,0,1,3,,1,021,"STATE ROUTE 4","MAIN STREET",0.00,,Y,A,-,Y,,,4,,,,,,,Y,3,0,1,2,A,-,09,21802,A,N,D,C,A,A,H,-,A,A,0,,,,,Y,,A,01,0,1,0,0,0,0,0,0,0,"- ","- ",37.9840087890625,-120.64562225341797,CALAVERAS,UNINCORPORATED,-120.64559173583984,37.984020233154297
90709048,2018,2018-04-19,9255,2018-04-12,1840,020414,,4,2,9,0500,0,3,5,,2,001,"HARTVICKSON LN","MULFORD CT",191.00,E,N,A,-,N,,,,,,,,,,Y,2,0,2,2,A,-,09,21804,A,N,H,C,A,A,H,-,A,D,0,,,,,Y,,D,22,1,0,1,0,0,0,0,0,0,"- ","- ",38.135150909423828,-120.84544372558594,CALAVERAS,UNINCORPORATED,-120.84555053710938,38.135162353515625
90712739,2018,2018-04-25,9255,2018-04-16,1700,019557,,1,2,9,0500,0,3,5,,2,002,"COPPER COVE DR.","QUIVER ST.",528.00,E,N,B,-,N,,,,,,,,,,Y,4,0,1,1,A,-,03,22350,,N,E,I,A,B,H,-,D,D,0,,,,,Y,,A,01,0,0,1,0,0,0,0,0,0,"- ","- ",37.938098907470703,-120.03530883789062,CALAVERAS,UNINCORPORATED,-120.63628387451172,37.936229705810547
90713602,2018,2018-04-26,9255,2018-04-18,2230,020414,,3,3,9,0500,0,1,3,,1,020,SR-49,"BIG BONANZA LANE",414.00,S,N,A,-,Y,,,49,,,,,,,Y,3,0,1,1,A,-,08,22107,,N,E,I,A,A,H,-,D,D,0,,,,,Y,,A,07,0,1,0,0,0,0,0,0,0,"- ","- ",38.054668426513672,-120.53485107421875,CALAVERAS,UNINCORPORATED,-120.53482818603516,38.0546875
90714018,2018,2018-04-26,9255,2018-04-24,1620,020142,,2,2,9,0500,0,1,3,,1,021,SR-4,"APPALOOSA RD",1584.00,W,N,A,-,Y,,,4,,,,,,,Y,3,0,2,1,A,-,08,22107,,N,E,I,A,A,H,-,A,D,0,,,,,Y,,D,22,0,1,1,0,0,0,0,0,0,"- ","- ",38.047130584716797,-120.63838195800781,CALAVERAS,UNINCORPORATED,-120.63838195800781,38.047107696533203
90715270,2018,2018-04-27,9255,2018-04-20,0250,018363,,5,3,9,0500,0,1,3,,1,020,"STATE ROUTE 49","REDHILL RD.",6336.00,S,N,A,-,Y,,,49,,,,,,,Y,4,0,2,1,A,-,08,22107,,N,E,I,A,A,H,-,D,D,0,,,,,Y,,D,22,0,0,2,0,0,0,0,0,0,"- ","- ",38.027641296386719,-120.50913238525391,CALAVERAS,UNINCORPORATED,-120.50913238525391,38.027629852294922
90717124,2018,2018-05-01,9255,2018-04-20,1030,018825,,5,1,9,0500,0,1,3,,2,031,SR-26,"DIRT RD",6336.00,E,N,A,-,Y,,,26,,,,,,,Y,2,0,1,1,A,-,08,22107,,N,E,I,A,A,H,-,A,D,0,,,,,Y,,D,22,1,0,0,0,0,0,0,0,0,"- ","- ",38.320999145507812,-120.64309692382812,CALAVERAS,UNINCORPORATED,-120.64309692382812,38.320976257324219
90717129,2018,2018-05-01,9255,2018-04-25,0640,018825,,3,1,9,0500,0,1,3,,1,011,SR-26,"HEINEMANN DR",370.00,W,N,A,-,Y,,,26,,,,,,,Y,3,0,1,1,A,-,03,22350,,N,F,A,A,A,H,-,A,D,0,,,,,Y,Y,A,08,0,1,0,0,0,0,0,0,0,"- ","- ",38.154499053955078,-120.85320281982422,CALAVERAS,UNINCORPORATED,-120.8531494140625,38.154430389404297
90717606,2018,2018-05-01,9255,2018-04-29,1205,015156,,7,1,9,0500,0,1,3,,2,030,"STATE ROUTE 49","ADAMS AVENUE",0.00,,Y,B,-,Y,,,49,,,,,,,Y,2,0,2,2,A,-,09,21802,A,N,D,C,A,A,H,-,A,A,0,,,Y,,Y,,A,01,2,0,0,0,0,0,0,0,2,"- ","- ",38.196601867675781,-120.68221282958984,CALAVERAS,UNINCORPORATED,-120.68219757080078,38.196651458740234
90718007,2018,2018-05-02,9255,2018-04-24,1215,019525,,2,1,9,0500,0,3,5,,2,001,"JENNY LIND RD",SR-26,95.00,S,N,A,-,N,,,,,,,,,,Y,4,0,1,1,A,-,01,23152,A,N,E,I,A,A,H,-,A,D,0,,,,,Y,Y,A,01,0,0,1,0,0,0,0,0,0,"- ","- ",38.122608184814453,-120.87735748291016,CALAVERAS,UNINCORPORATED,-120.87734222412109,38.122482299804688
90719963,2018,2018-05-04,9255,2018-05-02,0640,017324,,3,1,9,0500,0,1,3,,2,031,"STATE ROUTE 26","MONTGOMERY DRIVE",6864.00,E,N,A,-,Y,,,26,,,,,,,Y,4,0,1,1,A,-,08,22107,,N,E,I,A,A,H,-,B,D,0,,,,,Y,,A,01,0,0,1,0,0,0,0,0,0,"- ","- ",38.319908142089844,-120.65071868896484,CALAVERAS,UNINCORPORATED,-120.65071105957031,38.319896697998047
90719998,2018,2018-05-04,9255,2018-04-30,0450,019640,,1,3,9,0500,0,1,3,,1,010,SR-12,"BRAUN CT",528.00,E,N,A,-,Y,,,12,,,,,,,Y,4,0,1,1,A,-,08,22107,,N,E,I,A,A,H,-,C,D,0,,,,,Y,,A,01,0,0,1,0,0,0,0,0,0,"- ","- ",38.212379455566406,-120.75227355957031,CALAVERAS,UNINCORPORATED,-120.75227355957031,38.212379455566406
90721079,2018,2018-05-07,9255,2018-04-29,1350,018894,,7,1,9,0500,0,1,3,,2,050,"STATE ROUTE 4","BIG TREES PKY",500.00,E,N,A,-,Y,,,4,,,,,,,Y,3,0,1,1,A,-,08,22107,,N,F,A,A,A,H,-,A,D,0,,,Y,,Y,,C,02,0,1,0,0,0,0,0,0,1,"- ","- ",38.278541564941406,-120.31063079833984,CALAVERAS,UNINCORPORATED,-120.31058502197266,38.278541564941406
90721579,2018,2018-07-26,9255,2018-04-19,2100,018363,,4,2,9,0500,0,2,4,,1,041,"MURPHYS GRADE ROAD","RANCH RD",329.00,W,N,A,-,N,,,,,,,,,,Y,4,0,1,2,A,-,08,22107,,M,B,C,A,A,H,-,D,D,0,,,,,Y,,D,22,0,0,1,0,0,0,0,0,0,"- ","- ",38.098491668701172,-120.52876281738281,CALAVERAS,UNINCORPORATED,-120.52860260009766,38.098636627197266
90722672,2018,2018-05-09,9255,2018-05-03,1544,017324,,4,2,9,0500,0,2,4,,1,022,"O'BYRNES FERRY ROAD","DUCHESS DR",528.00,S,N,A,-,N,,,,,,,,,,Y,2,0,1,1,A,-,08,22107,,N,E,I,A,A,H,-,A,D,0,,,Y,,Y,,C,02,1,0,0,0,0,0,0,0,1,"- ","- ",37.902111053466797,-120.580810546875,CALAVERAS,UNINCORPORATED,-120.58115386962891,37.903011322021484
90722907,2018,2018-05-09,9255,2018-05-08,0810,020142,,2,1,9,0500,0,1,3,,1,010,SR-12,"EVANS RD",15.00,E,N,A,-,Y,,,12,,,,,,,Y,4,0,2,2,A,-,03,22350,,N,C,C,A,A,H,-,A,D,0,,,,,Y,,A,01,0,0,2,0,0,0,0,0,0,"- ","- ",38.185791015625,-120.86686706542969,CALAVERAS,UNINCORPORATED,-120.86675262451172,38.185348510742188
90723750,2018,2018-05-10,9255,2018-05-04,1330,018825,,5,1,9,0500,0,3,5,,2,001,"NOVE WAY",SR-26,335.00,S,N,A,-,N,,,,,,,,,,N,4,0,2,2,A,-,09,21804,A,N,A,C,A,A,H,-,A,D,0,,,,,Y,,A,01,0,0,2,0,0,0,0,0,0,"- ","- ",38.1885986328125,-120.82540130615234,CALAVERAS,UNINCORPORATED,-120.82646942138672,38.188091278076172
90724445,2018,2018-05-11,9255,2018-04-30,2240,020563,,1,3,9,0500,0,2,4,,1,022,"OBYRNES FERRY RD","SANGUINETTI DRIVE",740.00,N,N,B,-,N,,,,,,,,,,Y,4,0,1,1,A,-,01,23152,A,N,E,I,A,A,H,-,D,D,0,,,,,Y,Y,A,01,0,0,1,0,0,0,0,0,0,"- ","- ",37.9139404296875,-120.59190368652344,CALAVERAS,UNINCORPORATED,-120.59188842773438,37.913898468017578
90726759,2018,2018-05-15,9255,2018-05-12,0550,020142,,6,3,9,0500,0,1,3,,2,031,SR-26,"GILLHAVEN RD",740.00,E,N,A,-,Y,,,26,,,,,,,Y,3,0,2,1,A,-,08,22107,,N,E,I,A,A,H,-,B,D,0,,,,,Y,,A,01,0,1,1,0,0,0,0,0,0,"- ","- ",38.314479827880859,-120.65516662597656,CALAVERAS,UNINCORPORATED,-120.65511322021484,38.314437866210938
90727335,2018,2018-10-26,9255,2018-05-07,1930,019557,,1,2,9,0500,0,2,4,,2,034,"RAILROAD FLAT RD.","SIERRA OAKS DR.",1056.00,N,N,A,-,N,,,,,,,,,,Y,3,0,1,2,A,-,08,22107,,F,D,C,A,A,H,-,B,D,0,,,,,Y,,A,01,0,1,0,0,0,0,0,0,0,"- ","- ",38.303871154785156,-120.50592041015625,CALAVERAS,UNINCORPORATED,-120.50572967529297,38.303672790527344
90727350,2018,2018-05-16,9255,2018-05-06,1805,019557,,7,2,9,0500,0,1,3,,2,030,SR-49,SR-26,0.00,,Y,B,-,Y,,,49,,,,,,,Y,2,0,3,2,A,-,09,21802,A,N,D,C,A,A,H,-,A,D,0,,,,,Y,,A,01,3,0,0,0,0,0,0,0,0,"- ","- ",38.2978515625,-120.70468139648438,CALAVERAS,UNINCORPORATED,-120.70468139648438,38.297847747802734
90727973,2018,2018-05-16,9255,2018-05-15,1410,015156,,2,2,9,0500,0,1,3,,2,040,"STATE ROUTE 4","BIG TREES ROAD",315.00,W,N,A,-,Y,,,4,,,,,,,N,4,0,1,2,A,-,08,22107,,N,A,C,A,A,H,-,A,D,0,,,,,Y,,A,07,0,0,1,0,0,0,0,0,0,"- ","- ",38.13800048828125,-120.45673370361328,CALAVERAS,UNINCORPORATED,-120.4566650390625,38.137985229492188
90728895,2018,2018-07-03,9255,2018-05-11,0850,018825,,5,1,9,0500,0,1,3,,2,030,SR-49,"UNION MINE RD",348.00,N,N,A,-,Y,,,49,,,,,,,Y,3,0,2,2,A,-,03,22350,,N,C,C,A,A,H,-,A,D,0,,,,,Y,,D,22,0,2,0,0,0,0,0,0,0,"- ","- ",38.159198760986328,-120.64689636230469,CALAVERAS,UNINCORPORATED,-120.64688110351562,38.159210205078125
90730699,2018,2018-05-21,9255,2018-05-11,1500,018825,,5,2,9,0500,0,3,5,,2,001,"LA CONTENTA DR","VISTA DEL LAGO DR",0.00,,Y,A,-,N,,,,,,,,,,N,4,0,1,2,A,-,09,21802,A,N,A,C,A,A,H,-,A,A,0,,,,,Y,,A,01,0,0,1,0,0,0,0,0,0,"- ","- ",38.165798187255859,-120.83270263671875,CALAVERAS,UNINCORPORATED,-120.83271789550781,38.165760040283203
90732312,2018,2018-05-23,9255,2018-05-08,1408,019525,,2,2,9,0500,0,1,3,,1,020,SR-49,"BRUNNER HILL ROAD",5.00,S,N,A,-,Y,,,49,,,,,,,Y,4,0,2,1,A,-,08,22107,,N,F,A,A,A,D,-,A,D,0,,,,,Y,,D,22,0,0,2,0,0,0,0,0,0,"- ","- ",38.087970733642578,-120.57174682617188,CALAVERAS,UNINCORPORATED,-120.57172393798828,38.088020324707031
90732456,2018,2018-05-23,9255,2018-05-20,1750,019640,,7,2,9,0500,0,1,3,,1,020,SR-49,"RED HILL RD",1584.00,S,N,A,-,N,,,49,,,,,,,N,3,0,1,1,A,-,01,23152,A,N,E,I,A,A,H,-,A,D,0,,,Y,,Y,Y,C,02,0,1,0,0,0,0,0,0,1,"- ","- ",38.034309387207031,-120.50675964355469,CALAVERAS,UNINCORPORATED,-120.50684356689453,38.034244537353516
90732632,2018,2018-05-23,9255,2018-05-17,2145,018492,,4,2,9,0500,0,1,3,,2,050,SR-4,"RAMSEY RD",3696.00,W,N,A,-,Y,,,4,,,,,,,Y,2,0,1,1,A,-,01,23152,A,N,F,A,A,A,H,-,D,D,0,,,,,Y,Y,D,22,1,0,0,0,0,0,0,0,0,"- ","- ",38.340560913085938,-120.21518707275391,CALAVERAS,UNINCORPORATED,-120.21516418457031,38.340530395507812
90732906,2018,2018-05-24,9255,2018-05-17,0030,013939,,4,3,9,0500,0,1,3,,1,011,SR-26,"HOGAN DAM ROAD",1.00,E,N,A,-,Y,,,26,,,,,,,Y,4,0,1,1,A,-,05,21650,,N,E,I,A,A,H,-,A,D,0,,,,,Y,,A,01,0,0,1,0,0,0,0,0,0,"- ","- ",38.186378479003906,-120.82549285888672,CALAVERAS,UNINCORPORATED,-120.82553863525391,38.186370849609375
90735896,2018,2018-05-29,9255,2018-05-15,0820,017340,,2,1,9,0500,0,1,3,,2,030,SR-49,SR-12,0.00,,Y,A,-,Y,,,49,,,,,,,Y,4,0,1,3,A,-,09,21801,A,N,D,C,A,A,H,-,A,A,0,,,,,Y,,A,01,0,0,1,0,0,0,0,0,0,"- ","- ",38.204158782958984,-120.69689178466797,CALAVERAS,UNINCORPORATED,-120.69682312011719,38.204219818115234
90737274,2018,2018-05-30,9255,2018-05-26,2130,019525,,6,2,9,0500,0,3,5,,2,002,"POOL STATION RD","SPRING HILL RANCH RD",70.00,S,N,A,-,N,,,,,,,,,,Y,3,0,1,1,A,-,08,22107,,N,F,A,A,A,H,-,D,D,0,,,,,Y,,A,07,0,1,0,0,0,0,0,0,0,"- ","- ",38.069629669189453,-120.66094970703125,CALAVERAS,UNINCORPORATED,-120.66098785400391,38.069690704345703
90738730,2018,2018-05-31,9255,2018-05-30,1155,018825,,3,1,9,0500,0,1,3,,2,031,SR-26,"HIGDON RD",266.00,E,N,A,-,Y,,,26,,,,,,,Y,2,0,1,1,A,-,08,22107,,N,D,I,A,A,H,-,A,D,0,,,Y,,Y,,C,02,1,0,0,0,0,0,0,0,1,"- ","- ",38.410400390625,-120.55590057373047,CALAVERAS,UNINCORPORATED,-120.55583953857422,38.410434722900391
90738746,2018,2018-05-31,9255,2018-05-30,0515,018825,,3,3,9,0500,0,2,4,,2,034,"MOUNTAIN RANCH RD","BLACKSMITH AVE",177.00,W,N,A,-,N,,,,,,,,,,Y,3,0,1,1,A,-,01,23152,A,N,E,I,A,A,H,-,B,D,0,,,,,Y,Y,A,01,0,1,0,0,0,0,0,0,0,"- ","- ",38.227699279785156,-120.54290008544922,CALAVERAS,UNINCORPORATED,-120.54290008544922,38.227764129638672
90738863,2018,2018-06-01,9255,2018-05-18,1800,020563,,5,2,9,0500,0,3,5,,2,002,"GUN CLUB RD",SR-49,145.00,E,N,A,-,N,,,,,,,,,,Y,2,0,2,1,A,-,08,22107,,N,F,A,A,A,H,-,A,D,0,,,Y,,Y,,C,06,1,1,0,0,0,0,0,0,2,"- ","- ",38.051109313964844,-120.53106689453125,CALAVERAS,UNINCORPORATED,-120.53116607666016,38.051181793212891
90739222,2018,2018-10-29,9255,2018-05-09,1200,018825,,3,1,9,0500,0,1,3,,1,010,"STATE ROUTE 12","CENTRAL HILL RD",4515.00,E,N,A,-,Y,,,12,,,,,,,Y,1,1,0,2,A,-,03,22350,,N,C,C,A,A,H,-,A,D,0,,,Y,,Y,,C,02,0,0,0,0,0,0,0,1,0,"- ","- ",38.206199645996094,-120.71150207519531,CALAVERAS,UNINCORPORATED,-120.71152496337891,38.206260681152344
90741084,2018,2018-06-05,9255,2018-05-22,1500,017340,,2,2,9,0500,0,1,3,,1,010,SR-12,"TOYON CIRCLE",0.00,,Y,A,-,Y,,,12,,,,,,,Y,3,0,1,2,A,-,09,21802,B,N,D,C,A,A,H,-,A,A,0,,,,Y,Y,,A,01,0,1,0,0,0,0,0,0,0,"- ","- ",38.211578369140625,-120.76406097412109,CALAVERAS,UNINCORPORATED,-120.76411437988281,38.211925506591797
90741121,2018,2018-06-05,9255,2018-05-26,1730,019557,,6,2,9,0500,0,1,3,,2,031,SR-26,"3 CENT FLAT RD.",1584.00,E,N,A,-,Y,,,26,,,,,,,Y,2,0,1,1,A,-,01,23152,A,N,E,I,A,A,H,-,A,D,0,,,,,Y,Y,A,01,1,0,0,0,0,0,0,0,0,"- ","- ",38.357261657714844,-120.57395935058594,CALAVERAS,UNINCORPORATED,-120.57395935058594,38.357250213623047
90741133,2018,2018-06-05,9255,2018-05-25,0140,013939,,5,3,9,0500,0,1,3,,2,031,"STATE ROUTE 26","HIGDON ROAD",274.00,W,N,B,-,Y,,,26,,,,,,,Y,2,0,3,1,A,-,01,23152,A,N,E,I,A,A,H,-,D,D,0,,,,,Y,Y,A,01,3,0,0,0,0,0,0,0,0,"- ","- ",38.409721374511719,-120.55509185791016,CALAVERAS,UNINCORPORATED,-120.55506896972656,38.409820556640625
90741163,2018,2018-06-05,9255,2018-05-07,1555,018894,,1,2,9,0500,0,1,3,,1,021,"STATE ROUTE 4","APPALOOSA RD",200.00,E,N,A,-,Y,,,4,,,,,,,N,4,0,2,2,A,-,03,22350,,N,C,C,A,A,H,-,A,D,0,,,,,Y,,A,07,0,0,2,0,0,0,0,0,0,"- ","- ",38.049640655517578,-120.63060760498047,CALAVERAS,UNINCORPORATED,-120.630615234375,38.049652099609375
90741646,2018,2018-07-25,9255,2018-05-29,1415,019640,,2,2,9,0500,0,1,3,,1,010,SR-12,"BURSON ROAD",335.00,E,N,A,-,Y,,,12,,,,,,,Y,3,0,1,2,A,-,05,21460,A,N,D,C,A,A,H,-,A,D,0,,,Y,,Y,,C,02,0,1,0,0,0,0,0,0,1,"- ","- ",38.1834716796875,-120.88922882080078,CALAVERAS,UNINCORPORATED,-120.88922882080078,38.183525085449219
90742596,2018,2018-06-06,9255,2018-06-03,1900,017340,,7,2,9,0500,0,1,3,,2,031,SR-26,"HIGDON RD",8.00,E,N,A,-,Y,,,26,,,,,,,Y,4,0,1,1,A,-,08,22107,,N,E,I,A,A,H,-,A,D,0,,,,,Y,,D,22,0,0,1,0,0,0,0,0,0,"- ","- ",38.409820556640625,-120.55592346191406,CALAVERAS,UNINCORPORATED,-120.55561065673828,38.410072326660156
90744399,2018,2018-06-08,9255,2018-06-07,0950,018363,,4,1,9,0500,0,1,3,,2,030,"STATE ROUTE 49","BIG BAR LAUNCH",1046.00,S,N,A,-,Y,,,49,,,,,,,Y,3,0,1,1,A,-,08,22107,,N,F,A,A,A,H,-,A,D,0,,,Y,,Y,,C,02,0,1,0,0,0,0,0,0,1,"- ","- ",38.309150695800781,-120.72524261474609,CALAVERAS,UNINCORPORATED,-120.72518920898438,38.309108734130859
90745129,2018,2018-06-11,9255,2018-06-04,1445,020414,,1,2,9,0500,0,1,3,,1,011,SR-26,"HAGEN CT",200.00,W,N,A,-,Y,,,26,,,,,,,Y,3,0,1,1,A,-,08,22107,,N,E,I,A,A,H,-,A,D,0,,,,,Y,,A,01,0,1,0,0,0,0,0,0,0,"- ","- ",38.133090972900391,-120.87033843994141,CALAVERAS,UNINCORPORATED,-120.87031555175781,38.133049011230469
90745794,2018,2018-06-11,9255,2018-06-10,1520,020563,,7,2,9,0500,0,1,3,,1,011,SR-26,"DRIVER RD",95.00,E,N,A,-,Y,,,26,,,,,,,Y,2,0,1,1,A,-,08,22107,,N,E,I,A,A,H,-,A,D,0,,,,,Y,,D,22,1,0,0,0,0,0,0,0,0,"- ","- ",38.139900207519531,-120.86517333984375,CALAVERAS,UNINCORPORATED,-120.86508178710938,38.139839172363281
90746839,2018,2018-06-12,9255,2018-06-09,0340,018894,,6,3,9,0500,0,3,5,,2,005,"MORAN RD","LIGHTNING LN",5280.00,S,N,A,-,N,,,,,,,,,,Y,3,0,1,1,A,-,08,22107,,N,E,I,A,A,H,-,D,D,0,,,,,Y,,A,01,0,1,0,0,0,0,0,0,0,"- ","- ",38.230861663818359,-120.35463714599609,CALAVERAS,UNINCORPORATED,-120.35753631591797,38.225967407226562
90748615,2018,2018-06-14,9255,2018-06-10,1420,018894,,7,2,9,0500,0,3,5,,2,005,"DUNBAR RD","MANDEL RD",1000.00,S,N,A,-,N,,,,,,,,,,Y,3,0,3,1,A,-,08,22107,,N,E,I,A,A,H,-,A,D,0,,,,,Y,,A,07,0,1,2,0,0,0,0,0,0,"- ","- ",38.262901306152344,-120.34445953369141,CALAVERAS,UNINCORPORATED,-120.34486389160156,38.261970520019531
90755297,2018,2018-06-25,9255,2018-06-16,2255,013939,,6,3,9,0500,0,1,3,,2,030,SR-49,"UNION MINE RD",1180.00,S,N,A,-,Y,,,49,,,,,,,Y,4,0,2,1,A,-,01,23152,A,N,E,I,A,A,H,-,D,D,0,,,,,Y,Y,D,22,0,0,2,0,0,0,0,0,0,"- ","- ",38.156040191650391,-120.64378356933594,CALAVERAS,UNINCORPORATED,-120.64380645751953,38.156017303466797
90760842,2018,2018-07-02,9255,2018-06-20,1645,018318,,3,2,9,0500,0,3,5,,2,004,"AVERY SHEEP RANCH RD","FULLEN RD",2640.00,W,N,A,-,N,,,,,,,,,,Y,3,0,1,1,A,-,08,22107,,M,F,A,A,A,H,-,A,D,0,,,Y,,Y,,C,02,0,1,0,0,0,0,0,0,1,"- ","- ",38.192981719970703,-120.41148376464844,CALAVERAS,UNINCORPORATED,-120.41250610351562,38.193000793457031
90763048,2018,2018-07-05,9255,2018-06-23,1529,020563,,6,2,9,0500,0,1,3,,1,021,SR-4,"HUNT RD",1320.00,W,N,A,-,Y,,,4,,,,,,,Y,4,0,1,1,A,-,08,22107,,N,E,I,A,A,H,-,A,D,0,,,,,Y,,A,01,0,0,1,0,0,0,0,0,0,"- ","- ",38.032310485839844,-120.6484375,CALAVERAS,UNINCORPORATED,-120.64839935302734,38.032333374023438
90765706,2018,2018-07-09,9255,2018-07-02,1600,020142,,1,2,9,0500,0,3,5,,2,003,"RIDGE RD","RUTHERFORD RD",408.00,W,N,A,-,N,,,,,,,,,,Y,2,0,1,2,A,-,08,22107,,M,B,C,A,A,H,-,A,D,0,,,,,Y,,M,96,1,0,0,0,0,0,0,0,0,"- ","- ",38.335369110107422,-120.52517700195312,CALAVERAS,UNINCORPORATED,-120.52520751953125,38.335384368896484
90767381,2018,2018-07-11,9255,2018-07-06,2145,018363,,5,2,9,0500,0,1,3,,2,040,"STATE ROUTE 4","DARBY RUSSELL RD",925.00,E,N,A,-,Y,,,4,,,,,,,Y,4,0,1,1,C,-,18,,,N,E,H,A,A,H,-,D,D,0,,,,,Y,,-,"- ",0,0,1,0,0,0,0,0,0,"- ","- ",38.180519104003906,-120.38117218017578,CALAVERAS,UNINCORPORATED,-120.38121795654297,38.180534362792969
90768117,2018,2018-07-12,9255,2018-07-02,1600,018894,,1,2,9,0500,0,3,5,,2,005,"MORAN RD","LOVE CREEK RD",2640.00,S,N,A,-,N,,,,,,,,,,Y,4,0,1,2,A,-,04,21703,,N,C,C,A,A,H,-,A,D,0,,,,,Y,,A,01,0,0,1,0,0,0,0,0,0,"- ","- ",38.214859008789062,-120.36031341552734,CALAVERAS,UNINCORPORATED,-120.36260986328125,38.211822509765625
90768699,2018,2018-07-13,9255,2018-07-02,1345,018894,,1,1,9,0500,0,1,3,,2,050,"STATE ROUTE 4","COUNTRY CLUB DR",0.00,,Y,A,-,Y,,,,,,,,,,Y,4,0,3,2,A,-,09,21802,A,N,D,C,A,A,H,-,A,A,0,,,,,Y,,D,22,0,0,3,0,0,0,0,0,0,"- ","- ",38.342430114746094,-120.36109924316406,CALAVERAS,UNINCORPORATED,-120.36113739013672,38.242439270019531
90769731,2018,2018-07-16,9255,2018-07-11,2000,020142,,3,2,9,0500,0,1,3,,2,030,SR-49,"BIG BAR RD",287.00,N,N,A,-,Y,,,49,,,,,,,Y,4,0,1,1,A,-,08,22107,,N,E,I,A,A,H,-,A,D,0,,,,,Y,,A,07,0,0,1,0,0,0,0,0,0,"- ","- ",38.311679840087891,-120.72017669677734,CALAVERAS,UNINCORPORATED,-120.72030639648438,38.311729431152344