CASE_ID,ACCIDENT_YEAR,PROC_DATE,JURIS,COLLISION_DATE,COLLISION_TIME,OFFICER_ID,REPORTING_DISTRICT,DAY_OF_WEEK,CHP_SHIFT,POPULATION,CNTY_CITY_LOC,SPECIAL_COND,BEAT_TYPE,CHP_BEAT_TYPE,CITY_DIVISION_LAPD,CHP_BEAT_CLASS,BEAT_NUMBER,PRIMARY_RD,SECONDARY_RD,DISTANCE,DIRECTION,INTERSECTION,WEATHER_1,WEATHER_2,STATE_HWY_IND,CALTRANS_COUNTY,CALTRANS_DISTRICT,STATE_ROUTE,ROUTE_SUFFIX,POSTMILE_PREFIX,POSTMILE,LOCATION_TYPE,RAMP_INTERSECTION,SIDE_OF_HWY,TOW_AWAY,COLLISION_SEVERITY,NUMBER_KILLED,NUMBER_INJURED,PARTY_COUNT,PRIMARY_COLL_FACTOR,PCF_CODE_OF_VIOL,PCF_VIOL_CATEGORY,PCF_VIOLATION,PCF_VIOL_SUBSECTION,HIT_AND_RUN,TYPE_OF_COLLISION,MVIW,PED_ACTION,ROAD_SURFACE,ROAD_COND_1,ROAD_COND_2,LIGHTING,CONTROL_DEVICE,CHP_ROAD_TYPE,PEDESTRIAN_ACCIDENT,BICYCLE_ACCIDENT,MOTORCYCLE_ACCIDENT,TRUCK_ACCIDENT,NOT_PRIVATE_PROPERTY,ALCOHOL_INVOLVED,STWD_VEHTYPE_AT_FAULT,CHP_VEHTYPE_AT_FAULT,COUNT_SEVERE_INJ,COUNT_VISIBLE_INJ,COUNT_COMPLAINT_PAIN,COUNT_PED_KILLED,COUNT_PED_INJURED,COUNT_BICYCLIST_KILLED,COUNT_BICYCLIST_INJURED,COUNT_MC_KILLED,COUNT_MC_INJURED,PRIMARY_RAMP,SECONDARY_RAMP,LATITUDE,LONGITUDE,COUNTY,CITY,POINT_X,POINT_Y
91288045,2020,2020-08-18,9255,2020-08-10,1505,020142,,1,2,9,0500,0,1,3,,2,031,SR-26,"EALEY ROAD",650.00,E,N,A,-,Y,,,26,,,,,,,Y,3,0,1,1,A,-,01,23152,A,N,E,I,A,A,H,-,A,D,0,,,,,Y,Y,A,07,0,1,0,0,0,0,0,0,0,"- ","- ",38.358280181884766,-120.57244110107422,CALAVERAS,UNINCORPORATED,-120.57245635986328,38.358299255371094
91288055,2020,2020-08-18,9255,2020-08-06,1035,019534,,4,1,9,0500,0,1,3,,1,021,"STATE ROUTE 4","STOCKTON RD",820.00,E,N,A,-,Y,,,4,,,,,,,Y,3,0,5,2,A,-,05,21460,A,N,C,C,A,A,H,-,A,D,0,,,,,Y,,A,01,0,2,3,0,0,0,0,0,0,"- ","- ",38.071811676025391,-120.58084869384766,CALAVERAS,UNINCORPORATED,-120.58084869384766,38.071788787841797
91289491,2020,2020-08-20,9255,2020-08-16,2035,019557,,7,2,9,0500,0,1,3,,1,021,SR-4,"HORSESHOE RD",2640.00,W,N,A,-,Y,,,4,,,,,,,Y,3,0,1,1,C,-,18,,,N,H,H,A,A,H,-,D,D,0,,,Y,,Y,,-,"- ",0,1,0,0,0,0,0,0,1,"- ","- ",37.953628540039062,-120.69415283203125,CALAVERAS,UNINCORPORATED,-120.69417572021484,37.953659057617188
91290120,2020,2020-08-21,9255,2020-08-08,2139,019996,,6,2,9,0500,0,3,5,,2,002,"FEATHER DRIVE","FEATHER COURT",50.00,N,N,A,-,N,,,,,,,,,,N,3,0,2,3,A,-,08,22107,,F,G,B,E,A,H,-,D,D,0,Y,,,,Y,,A,01,0,2,0,0,2,0,0,0,0,"- ","- ",37.9404296875,-120.60800170898438,CALAVERAS,UNINCORPORATED,-120.6080322265625,37.940376281738281
91291120,2020,2020-08-24,9255,2020-08-12,2015,020563,,3,2,9,0500,0,3,5,,2,001,"GARNER PLACE","FRIEDMAN WAY",440.00,S,N,A,-,N,,,,,,,,,,Y,2,0,1,1,A,-,01,23152,A,N,E,I,A,A,H,-,B,D,0,,,,,Y,Y,A,01,1,0,0,0,0,0,0,0,0,"- ","- ",38.123649597167969,-120.86588287353516,CALAVERAS,UNINCORPORATED,-120.87158203125,38.129901885986328
91291183,2020,2020-08-24,9255,2020-08-01,2240,019996,,6,3,9,0500,0,3,5,,2,001,"BURSON ROAD","DAKOTA DR",500.00,N,N,A,-,N,,,,,,,,,,Y,3,0,1,1,A,-,01,23152,A,N,E,I,A,A,H,-,D,D,0,,,,,Y,Y,A,01,0,1,0,0,0,0,0,0,0,"- ","- ",38.195228576660156,-120.89040374755859,CALAVERAS,UNINCORPORATED,-120.89040374755859,38.195159912109375
91291270,2020,2020-08-24,9255,2020-08-19,1810,020563,,3,2,9,0500,0,1,3,,2,030,SR-49,"BIG BAR ROAD",5100.00,S,N,A,-,Y,,,49,,,,,,,Y,2,0,1,1,A,-,08,22107,,N,F,A,A,A,H,-,A,D,0,,,Y,,Y,,C,02,1,0,0,0,0,0,0,0,1,"- ","- ",38.305629730224609,-120.72718048095703,CALAVERAS,UNINCORPORATED,-120.72721099853516,38.305633544921875
91292120,2020,2020-08-25,9255,2020-08-18,0526,018363,,2,3,9,0500,0,2,4,,2,034,"MOUNTAIN RANCH ROAD","COACHMAN WAY",970.00,W,N,A,-,N,,,,,,,,,,Y,4,0,1,1,A,-,08,22107,,N,E,I,A,A,H,-,B,D,0,,,,,Y,,D,22,0,0,1,0,0,0,0,0,0,"- ","- ",38.211311340332031,-120.56153869628906,CALAVERAS,UNINCORPORATED,-120.56146240234375,38.211414337158203
91292135,2020,2020-08-25,9255,2020-08-20,1415,018318,,4,2,9,0500,0,3,5,,2,003,"CALAVERITAS RD","FRICOT CITY RD",528.00,W,N,A,-,N,,,,,,,,,,Y,3,0,1,1,A,-,08,22107,,N,F,A,A,A,H,-,A,D,0,,,,,Y,,A,07,0,1,0,0,0,0,0,0,0,"- ","- ",38.151500701904297,-120.60414886474609,CALAVERAS,UNINCORPORATED,-120.59754180908203,38.152061462402344
91293122,2020,2020-08-26,9255,2020-08-20,2341,019996,,4,3,9,0500,0,3,5,,2,002,"POOL STATION ROAD",SR-4,1250.00,N,N,A,-,N,,,,,,,,,,Y,3,0,1,1,A,-,01,23152,A,N,E,I,A,A,H,-,D,D,0,,,,,Y,Y,D,22,0,1,0,0,0,0,0,0,0,"- ","- ",38.047290802001953,-120.64956665039062,CALAVERAS,UNINCORPORATED,-120.64949035644531,38.047260284423828
91296016,2020,2020-08-31,9255,2020-08-29,2254,020414,,6,3,9,0500,0,1,3,,2,040,SR-4,"TOM BELL ROAD",0.00,,Y,A,-,Y,,,4,,,,,,,Y,3,0,1,2,A,-,01,23153,A,N,A,C,A,A,H,-,C,A,0,,,,,Y,Y,D,22,0,1,0,0,0,0,0,0,0,"- ","- ",38.139068603515625,-120.45606994628906,CALAVERAS,UNINCORPORATED,-120.45610809326172,38.13909912109375
91298358,2020,2020-09-03,9255,2020-08-26,1120,019525,,3,1,9,0500,0,3,5,,2,002,"REEDS TPKE","TOWN SQUARE ROAD",1056.00,E,N,A,-,N,,,,,,,,,,Y,3,0,2,1,A,-,08,22107,,N,E,I,A,A,H,-,A,D,0,,,,,Y,,A,07,0,1,1,0,0,0,0,0,0,"- ","- ",37.974010467529297,-120.64750671386719,CALAVERAS,UNINCORPORATED,-120.64930725097656,37.973903656005859
91298681,2020,2020-09-03,9255,2020-08-27,1930,018492,,4,2,9,0500,0,1,3,,2,050,SR-4,"OTTAWA DR",2640.00,E,N,A,-,Y,,,4,,,,,,,Y,2,0,1,1,A,-,01,23152,A,N,F,A,A,A,H,-,B,D,0,,,,,Y,Y,D,22,1,0,0,0,0,0,0,0,0,"- ","- ",38.321250915527344,-120.2613525390625,CALAVERAS,UNINCORPORATED,-120.26136016845703,38.321254730224609
91299359,2020,2020-09-04,9255,2020-08-29,1215,018492,,6,1,9,0500,0,2,4,,1,041,"MURPHYS GRADE RD","FRENCH GULCH RD (UPPER)",1056.00,W,N,A,-,N,,,,,,,,,,N,3,0,1,1,A,-,03,22350,,N,F,A,A,A,H,-,A,D,0,,,Y,,Y,,C,02,0,1,0,0,0,0,0,0,1,"- ","- ",38.135158538818359,-120.47289276123047,CALAVERAS,UNINCORPORATED,-120.52146911621094,38.103229522705078
91299398,2020,2020-09-04,9255,2020-08-29,0900,019534,,6,1,9,0500,0,1,3,,2,030,"STATE ROUTE 49","FOURTH CROSSING RD",2000.00,N,N,A,-,Y,,,49,,,,,,,N,3,0,1,1,A,-,08,22107,,N,F,A,A,A,H,-,A,D,0,,,Y,,Y,,C,02,0,1,0,0,0,0,0,0,1,"- ","- ",38.137619018554688,-120.63480377197266,CALAVERAS,UNINCORPORATED,-120.63474273681641,38.137607574462891
91300680,2020,2020-09-08,9255,2020-09-02,0725,017324,,3,1,9,0500,0,1,3,,2,040,"STATE ROUTE 4","TANNER STREET",356.00,E,N,A,-,Y,,,4,,,,,,,Y,2,0,1,1,A,-,03,22350,,N,F,A,A,A,H,-,A,D,0,,,Y,,Y,,C,02,1,0,0,0,0,0,0,0,1,"- ","- ",38.142578125,-120.45176696777344,CALAVERAS,UNINCORPORATED,-120.45179748535156,38.142608642578125
91301805,2020,2020-09-09,9255,2020-09-06,1710,019557,,7,2,9,0500,0,3,5,,2,001,"PALOMA RD.","GOODELL RD",2640.00,W,N,A,-,N,,,,,,,,,,Y,3,0,1,1,A,-,08,22107,,N,E,I,A,A,H,-,A,D,0,,,,,Y,,A,07,0,1,0,0,0,0,0,0,0,"- ","- ",38.141799926757812,-120.47260284423828,CALAVERAS,UNINCORPORATED,-120.77269744873047,38.253131866455078
91304931,2020,2020-09-15,9255,2020-09-06,2345,019246,,7,3,9,0500,0,3,5,,2,001,"JENNY LIND RD","KIRBY ST",40.00,N,N,A,-,N,,,,,,,,,,Y,3,0,1,1,A,-,08,22107,,N,F,A,A,A,H,-,D,D,0,,,,,Y,,A,01,0,1,0,0,0,0,0,0,0,"- ","- ",38.113231658935547,-120.87924194335938,CALAVERAS,UNINCORPORATED,-120.87923431396484,38.111259460449219
91304946,2020,2020-09-15,9255,2020-09-03,2225,019996,,4,3,9,0500,0,3,5,,2,003,"HAWVER ROAD","GOLD STRIKE ROAD",530.00,E,N,A,-,Y,,,,,,,,,,Y,3,0,1,1,A,-,08,22107,,N,E,I,A,A,H,-,A,D,0,,,,,Y,,A,01,0,1,0,0,0,0,0,0,0,"- ","- ",38.217151641845703,-120.68895721435547,CALAVERAS,UNINCORPORATED,-120.68885040283203,38.215579986572266
91305186,2020,2020-09-15,9255,2020-09-04,1340,018894,,5,1,9,0500,0,2,4,,1,022,"OBYRNES FERRY RD","SANGUINETTI DR",200.00,N,N,A,-,N,,,,,,,,,,Y,4,0,1,2,A,-,05,21460,A,M,B,C,A,A,H,-,A,D,0,,,,,Y,,-,99,0,0,1,0,0,0,0,0,0,"- ","- ",37.912521362304688,-120.59137725830078,CALAVERAS,UNINCORPORATED,-120.59136962890625,37.912479400634766
91305189,2020,2020-09-15,9255,2020-09-04,1900,018894,,5,2,9,0500,0,1,3,,2,031,"STATE ROUTE 26","SPORT HILL RD",0.00,,Y,A,-,Y,,,26,,,,,,,Y,2,0,1,1,A,-,08,22107,,N,E,I,A,A,H,-,D,D,0,,,,,Y,,A,07,1,0,0,0,0,0,0,0,0,"- ","- ",38.300991058349609,-120.69107818603516,CALAVERAS,UNINCORPORATED,-120.69106292724609,38.301029205322266
91305901,2020,2020-09-16,9255,2020-09-04,1105,019534,,5,1,9,0500,0,1,3,,1,011,"STATE ROUTE 26","ST ANDREWS RD",750.00,E,N,A,-,Y,,,26,,,,,,,Y,4,0,1,2,A,-,05,21650,,N,B,C,A,A,H,-,A,D,0,,,,,Y,,A,01,0,0,1,0,0,0,0,0,0,"- ","- ",38.172550201416016,-120.8355712890625,CALAVERAS,UNINCORPORATED,-120.83555603027344,38.172531127929688
91307918,2020,2020-09-21,9255,2020-09-14,2117,019996,,1,2,9,0500,0,1,3,,2,030,SR-49,"CAROL KENNEDY RD",650.00,S,N,A,-,Y,,,49,,,,,,,Y,3,0,1,1,C,-,18,,,N,H,H,A,A,H,-,D,D,0,,,Y,,Y,,-,"- ",0,1,0,0,0,0,0,0,1,"- ","- ",38.144390106201172,-120.63764953613281,CALAVERAS,UNINCORPORATED,-120.63758850097656,38.144439697265625
91308007,2020,2020-09-21,9255,2020-09-12,1700,018894,,6,2,9,0500,0,2,4,,2,034,"RAILROAD FLAT RD","SIERRA OAKS RD",0.00,,Y,A,-,N,,,,,,,,,,Y,3,0,2,1,A,-,08,22107,,N,E,I,A,A,H,-,A,D,0,,,,,Y,,A,07,0,1,1,0,0,0,0,0,0,"- ","- ",38.296310424804688,-120.49907684326172,CALAVERAS,UNINCORPORATED,-120.50350189208984,38.301448822021484
91308111,2020,2020-09-21,9255,2020-09-11,1715,018363,,5,2,9,0500,0,3,5,,2,003,"GOLD STRIKE RD","LEONARD RD",1050.00,S,N,A,-,N,,,,,,,,,,Y,4,0,1,2,A,-,08,22107,,M,B,C,A,A,H,-,A,D,0,,,,,Y,,A,07,0,0,1,0,0,0,0,0,0,"- ","- ",38.207748413085938,-120.68377685546875,CALAVERAS,UNINCORPORATED,-120.68383026123047,38.208255767822266
91308800,2020,2021-08-24,9255,2020-08-29,1135,019525,,6,1,9,0500,0,1,3,,2,031,"STATE ROUTE 26","SPORT HILL RD",108.00,E,N,A,-,Y,,,26,,,,,,,Y,1,1,0,1,A,-,08,22107,,N,E,I,A,A,H,-,A,D,0,,,Y,,Y,,C,02,0,0,0,0,0,0,0,1,0,"- ","- ",38.300891876220703,-120.69055938720703,CALAVERAS,UNINCORPORATED,-120.69055938720703,38.300918579101562
91310495,2020,2020-09-24,9255,2020-09-18,0300,018363,,5,3,9,0500,0,1,3,,1,021,"STATE ROUTE 4","POOL STATION RD",1834.00,W,N,A,-,Y,,,4,,,,,,,Y,3,0,1,1,A,-,01,23152,A,N,E,I,A,A,H,-,C,D,0,,,,,Y,Y,A,01,0,1,0,0,0,0,0,0,0,"- ","- ",38.039840698242188,-120.64769744873047,CALAVERAS,UNINCORPORATED,-120.64774322509766,38.039825439453125
91314422,2020,2020-09-29,9255,2020-09-21,2230,020563,,1,3,9,0500,0,2,4,,1,022,"OBYRNES FERRY RD","DUCHESS DR",3440.00,S,N,A,-,N,,,,,,,,,,Y,3,0,1,1,A,-,01,23152,A,N,F,A,A,A,H,-,D,D,0,,,,,Y,Y,D,22,0,1,0,0,0,0,0,0,0,"- ","- ",37.896720886230469,-120.57579040527344,CALAVERAS,UNINCORPORATED,-120.57576751708984,37.896648406982422
91314431,2020,2020-09-29,9255,2020-09-19,1558,020270,,6,2,9,0500,0,3,5,,2,001,"SOUTHWORTH RD","BURSON RD",18.00,W,N,A,-,N,,,,,,,,,,Y,2,0,1,2,A,-,03,22350,,N,C,C,A,A,H,-,A,D,0,,,Y,,Y,,C,02,1,0,0,0,0,0,0,0,1,"- ","- ",38.148658752441406,-120.89958190917969,CALAVERAS,UNINCORPORATED,-120.89920043945312,38.148635864257812
91316827,2020,2020-10-02,9255,2020-09-26,1525,016918,,6,2,9,0500,0,1,3,,1,011,SR-26,"PALOMA RD",4752.00,W,N,A,-,Y,,,26,,,,,,,Y,2,0,1,1,A,-,08,22107,,N,F,A,A,A,H,-,A,D,0,,,Y,,Y,Y,C,02,1,0,0,0,0,0,0,0,1,"- ","- ",38.251220703125,-120.75485229492188,CALAVERAS,UNINCORPORATED,-120.75483703613281,38.251216888427734
91317322,2020,2020-10-05,9255,2020-09-30,1142,017324,,3,1,9,0500,0,1,3,,1,010,"STATE ROUTE 12","CHESTNUT STREET",528.00,E,N,A,-,N,,,12,,,,,,,Y,2,0,2,2,A,-,09,21801,A,N,D,C,A,A,H,-,A,A,0,,,,,Y,,D,22,1,1,0,0,0,0,0,0,0,"- ","- ",38.192489624023438,-120.82634735107422,CALAVERAS,UNINCORPORATED,-120.82635498046875,38.192501068115234
91317412,2020,2021-04-02,9255,2020-09-27,1355,020142,,7,1,9,0500,0,1,3,,2,031,SR-26,"WOODHOUSE MINE RD",2640.00,W,N,A,-,Y,,,26,,,,,,,Y,1,1,1,2,A,-,05,21460,A,N,B,C,A,A,H,-,A,D,0,,,,,Y,,A,01,0,1,0,0,0,0,0,0,0,"- ","- ",38.371868133544922,-120.55415344238281,CALAVERAS,UNINCORPORATED,-120.55415344238281,38.371864318847656
91318733,2020,2020-10-06,9255,2020-09-29,1528,019640,,2,2,9,0500,0,1,3,,1,010,SR-12,"CAMANCHE PKY S",2640.00,W,N,A,-,Y,,,12,,,,,,,Y,2,0,3,2,A,-,01,23152,A,N,E,I,A,A,H,-,A,D,0,,,,,Y,Y,E,22,3,0,0,0,0,0,0,0,0,"- ","- ",38.203948974609375,-120.98497009277344,CALAVERAS,UNINCORPORATED,-120.98494720458984,38.2039794921875
91321793,2020,2020-10-12,9255,2020-10-05,0005,019246,,1,3,9,0500,0,3,5,,2,004,"SIX MILE RD","OLD MURPHYS RD",1214.00,E,N,A,-,N,,,,,,,,,,Y,4,0,1,1,B,-,22,,,N,E,I,A,A,H,-,D,D,0,,,,,Y,,J,48,0,0,1,0,0,0,0,0,0,"- ","- ",38.106609344482422,-120.49417114257812,CALAVERAS,UNINCORPORATED,-120.49404144287109,38.106494903564453
91322582,2020,2020-10-13,9255,2020-10-07,1808,020142,,3,2,9,0500,0,1,3,,1,011,SR-26,"HEINEMANN DR",1056.00,E,N,A,-,Y,,,26,,,,,,,Y,4,0,3,2,A,-,09,21801,A,N,D,C,A,A,H,-,A,D,0,,,,,Y,,A,01,0,0,3,0,0,0,0,0,0,"- ","- ",38.157810211181641,-120.85057830810547,CALAVERAS,UNINCORPORATED,-120.85050964355469,38.157749176025391
91323458,2020,2020-10-14,9255,2020-10-09,0813,017324,,5,1,9,0500,0,1,3,,2,050,"STATE ROUTE 4","COUNTRY CLUB DRIVE",0.00,,Y,A,-,Y,,,4,,,,,,,Y,3,0,1,2,A,-,09,21802,A,N,D,C,A,A,H,-,A,A,0,,,,,Y,,A,07,0,1,0,0,0,0,0,0,0,"- ","- ",38.184680938720703,-120.37494659423828,CALAVERAS,UNINCORPORATED,-120.37495422363281,38.184688568115234
91325151,2020,2020-10-16,9255,2020-10-13,1935,020142,,2,2,9,0500,0,2,4,,2,034,"MOUNTAIN RANCH RD","WILLOW CREEK RD",900.00,E,N,A,-,Y,,,,,,,,,,Y,3,0,1,1,A,-,08,22107,,N,F,A,A,A,H,-,D,D,0,,,,,Y,,A,07,0,1,0,0,0,0,0,0,0,"- ","- ",38.190719604492188,-120.64006042480469,CALAVERAS,UNINCORPORATED,-120.64019775390625,38.190692901611328
91325208,2020,2020-10-16,9255,2020-10-15,1300,018318,,4,1,9,0500,0,1,3,,2,030,SR-49,"CENTER ST",4475.00,N,N,A,-,Y,,,49,,,,,,,Y,3,0,1,1,A,-,08,22107,,N,F,A,A,A,H,-,A,D,0,,,Y,,Y,,C,02,0,1,0,0,0,0,0,0,1,"- ","- ",38.302238464355469,-120.73104095458984,CALAVERAS,UNINCORPORATED,-120.7310791015625,38.302230834960938
91325463,2020,2020-10-16,9255,2020-10-10,1425,019640,,6,2,9,0500,0,1,3,,1,021,SR-4,"TELEGRAPH RD",855.00,W,N,A,-,Y,,,4,,,,,,,Y,2,0,1,1,A,-,17,21711,,N,F,A,A,A,H,-,A,D,0,,,,,Y,,B,07,1,0,0,0,0,0,0,0,0,"- ","- ",37.942989349365234,-120.72051239013672,CALAVERAS,UNINCORPORATED,-120.72052001953125,37.942920684814453
91329400,2020,2020-10-22,9255,2020-10-14,0035,019246,,3,3,9,0500,0,3,5,,2,001,"CHURCH HILL RD","POOL STATION RD",815.00,E,N,A,-,N,,,,,,,,,,Y,2,0,1,1,A,-,08,22107,,N,E,I,A,A,H,-,D,D,0,,,Y,,Y,,C,02,1,0,0,0,0,0,0,0,1,"- ","- ",38.182029724121094,-120.68065643310547,CALAVERAS,UNINCORPORATED,-120.68073272705078,38.181983947753906
91329623,2020,2020-10-22,9255,2020-10-11,2214,019996,,7,3,9,0500,0,3,5,,2,005,"MORAN ROAD","RAINY DR",70.00,S,N,A,-,Y,,,,,,,,,,Y,3,0,1,1,A,-,01,23152,A,N,E,I,A,A,H,-,D,D,0,,,,,Y,Y,A,01,0,1,0,0,0,0,0,0,0,"- ","- ",38.248340606689453,-120.33573913574219,CALAVERAS,UNINCORPORATED,-120.33570861816406,38.248367309570312
91331445,2020,2020-10-26,9255,2020-10-21,0915,017324,,3,1,9,0500,0,1,3,,1,010,"STATE ROUTE 12","BURSON ROAD",477.00,W,N,A,-,Y,,,12,,,,,,,Y,4,0,1,1,A,-,08,22107,,N,E,I,A,A,H,-,A,D,0,,,,,Y,,A,01,0,0,1,0,0,0,0,0,0,"- ","- ",38.183429718017578,-120.89228057861328,CALAVERAS,UNINCORPORATED,-120.89217376708984,38.183135986328125
91335788,2020,2020-10-30,9255,2020-10-27,1129,017324,,2,1,9,0500,0,1,3,,2,030,"STATE ROUTE 49","DEER CREEK ROAD",35.00,S,N,A,-,Y,,,49,,,,,,,Y,3,0,1,1,A,-,03,22350,,N,F,A,A,A,H,-,A,D,0,,,,,Y,,D,22,0,1,0,0,0,0,0,0,0,"- ","- ",38.101028442382812,-120.58986663818359,CALAVERAS,UNINCORPORATED,-120.58988952636719,38.10101318359375
91336560,2020,2020-11-02,9255,2020-10-23,1400,018318,,5,2,9,0500,0,1,3,,2,030,SR-49,"CENTER ST",4475.00,N,N,A,-,Y,,,49,,,,,,,N,3,0,1,1,A,-,08,22107,,N,F,A,A,A,H,-,A,D,0,,,Y,,Y,,C,02,0,1,0,0,0,0,0,0,1,"- ","- ",38.302238464355469,-120.73104095458984,CALAVERAS,UNINCORPORATED,-120.7310791015625,38.302230834960938
91336578,2020,2020-11-02,9255,2020-10-28,0930,018318,,3,1,9,0500,0,3,5,,2,001,SR-12,"BURSON RD",150.00,E,N,A,-,Y,,,12,,,,,,,N,4,0,2,2,A,-,03,22350,,N,C,C,A,A,H,-,A,D,0,,,,,Y,,A,07,0,0,2,0,0,0,0,0,0,"- ","- ",38.183460235595703,-120.88983917236328,CALAVERAS,UNINCORPORATED,-120.88983917236328,38.183559417724609
91336586,2020,2020-11-02,9255,2020-10-29,1355,018318,,4,1,9,0500,0,1,3,,2,030,SR-49,"CENTER DR",6864.00,N,N,A,-,Y,,,49,,,,,,,Y,3,0,1,1,A,-,08,22107,,N,E,I,A,A,H,-,A,D,0,,,,,Y,,A,01,0,1,0,0,0,0,0,0,0,"- ","- ",38.304019927978516,-120.72992706298828,CALAVERAS,UNINCORPORATED,-120.72996520996094,38.304039001464844
91336592,2020,2020-11-02,9255,2020-10-23,0148,019996,,5,3,9,0500,0,1,3,,1,021,SR-4,"STOCKTON ROAD",422.00,W,N,A,-,Y,,,4,,,,,,,Y,3,0,3,2,A,-,05,21460,A,N,B,C,A,A,H,-,D,D,0,,,,,Y,Y,A,07,0,3,0,0,0,0,0,0,0,"- ","- ",38.066448211669922,-120.60214996337891,CALAVERAS,UNINCORPORATED,-120.60214996337891,38.066440582275391
91336612,2020,2020-11-02,9255,2020-09-29,1950,018894,,2,2,9,0500,0,1,3,,2,050,"STATE ROUTE 4","LAKEMONT DR",25.00,E,N,A,-,Y,,,4,,,,,,,Y,3,0,1,1,A,-,01,23152,A,N,E,I,A,A,H,-,D,D,0,,,,,Y,Y,D,22,0,1,0,0,0,0,0,0,0,"- ","- ",38.235668182373047,-120.36502838134766,CALAVERAS,UNINCORPORATED,-120.36505126953125,38.235679626464844
91336628,2020,2020-11-02,9255,2020-10-22,1530,018492,,4,2,9,0500,0,3,5,,2,005,"CYPRESS POINT DR","HILLCREST DR",1056.00,N,N,A,-,N,,,,,,,,,,Y,2,0,1,1,A,-,08,22107,,N,E,I,A,A,H,-,A,D,0,,,,,Y,,D,22,1,0,0,0,0,0,0,0,0,"- ","- ",38.248600006103516,-120.32781219482422,CALAVERAS,UNINCORPORATED,-120.32801818847656,38.24822998046875
91338294,2020,2020-11-03,9255,2020-10-30,1925,019640,,5,2,9,0500,0,1,3,,2,040,SR-4,"BATTEN ROAD",1584.00,E,N,A,-,Y,,,4,,,,,,,Y,2,0,2,2,A,-,01,23152,A,N,A,C,A,A,H,-,D,D,0,,,,,Y,Y,A,01,2,0,0,0,0,0,0,0,0,"- ","- ",38.104629516601562,-120.46626281738281,CALAVERAS,UNINCORPORATED,-120.46627807617188,38.104648590087891
91338314,2020,2020-11-03,9255,2020-10-30,0210,020414,,5,3,9,0500,0,1,3,,2,030,SR-49,SR-12,4752.00,N,N,A,-,Y,,,49,,,,,,,Y,3,0,1,1,A,-,08,22107,,N,E,I,A,A,H,-,D,D,0,,,,,Y,,A,07,0,1,0,0,0,0,0,0,0,"- ","- ",38.220809936523438,-120.69954681396484,CALAVERAS,UNINCORPORATED,-120.69981384277344,38.220684051513672
91338957,2020,2020-11-04,9255,2020-10-30,1255,020270,,5,1,9,0500,0,3,5,,2,003,"RAILROAD FLAT RD","PRUSSIAN HILL RD",1000.00,N,N,A,-,N,,,,,,,,,,Y,2,0,1,1,A,-,08,22107,,N,E,I,A,A,H,-,A,D,0,,,,,Y,,A,01,1,0,0,0,0,0,0,0,0,"- ","- ",38.323978424072266,-120.52059936523438,CALAVERAS,UNINCORPORATED,-120.52063751220703,38.323314666748047
91340200,2020,2020-11-05,9255,2020-10-31,2100,020142,,6,2,9,0500,0,2,4,,2,034,"RAILROAD FLAT RD","PAUL RD",1100.00,N,N,A,-,N,,,,,,,,,,Y,4,0,1,1,A,-,01,23152,A,N,E,I,A,A,H,-,D,D,0,,,,,Y,Y,A,01,0,0,1,0,0,0,0,0,0,"- ","- ",38.375850677490234,-120.51046752929688,CALAVERAS,UNINCORPORATED,-120.51053619384766,38.376007080078125
91341760,2020,2020-11-09,9255,2020-11-02,1120,019557,,1,1,9,0500,0,1,3,,1,011,SR-26,"JEAN ST.",100.00,E,N,A,-,Y,,,,,,,,,,Y,3,0,1,2,A,-,09,21804,A,N,D,C,A,A,H,-,A,D,0,,,,,Y,,A,01,0,1,0,0,0,0,0,0,0,"- ","- ",38.112598419189453,-120.49410247802734,CALAVERAS,UNINCORPORATED,-120.82756042480469,38.189922332763672
91345872,2020,2020-11-16,9255,2020-11-08,0009,019996,,7,3,9,0500,0,1,3,,1,021,SR-4,"POOL STATION RD",1600.00,W,N,B,-,Y,,,4,,,,,,,Y,3,0,1,1,A,-,01,23152,A,M,E,I,A,A,H,-,D,D,0,,,,,Y,Y,A,07,0,1,0,0,0,0,0,0,0,"- ","- ",38.040248870849609,-120.64794921875,CALAVERAS,UNINCORPORATED,-120.64785766601562,38.040264129638672
91346633,2020,2020-11-17,9255,2020-11-12,0710,017324,,4,1,9,0500,0,3,5,,2,002,"MILTON RD","ROCK CREEK RD",4752.00,S,N,A,-,N,,,,,,,,,,Y,3,0,1,1,A,-,08,22107,,N,E,I,A,A,H,-,A,D,0,,,,,Y,,A,01,0,1,0,0,0,0,0,0,0,"- ","- ",38.017139434814453,-120.853271484375,CALAVERAS,UNINCORPORATED,-120.85365295410156,38.018379211425781