CASE_ID,ACCIDENT_YEAR,PROC_DATE,JURIS,COLLISION_DATE,COLLISION_TIME,OFFICER_ID,REPORTING_DISTRICT,DAY_OF_WEEK,CHP_SHIFT,POPULATION,CNTY_CITY_LOC,SPECIAL_COND,BEAT_TYPE,CHP_BEAT_TYPE,CITY_DIVISION_LAPD,CHP_BEAT_CLASS,BEAT_NUMBER,PRIMARY_RD,SECONDARY_RD,DISTANCE,DIRECTION,INTERSECTION,WEATHER_1,WEATHER_2,STATE_HWY_IND,CALTRANS_COUNTY,CALTRANS_DISTRICT,STATE_ROUTE,ROUTE_SUFFIX,POSTMILE_PREFIX,POSTMILE,LOCATION_TYPE,RAMP_INTERSECTION,SIDE_OF_HWY,TOW_AWAY,COLLISION_SEVERITY,NUMBER_KILLED,NUMBER_INJURED,PARTY_COUNT,PRIMARY_COLL_FACTOR,PCF_CODE_OF_VIOL,PCF_VIOL_CATEGORY,PCF_VIOLATION,PCF_VIOL_SUBSECTION,HIT_AND_RUN,TYPE_OF_COLLISION,MVIW,PED_ACTION,ROAD_SURFACE,ROAD_COND_1,ROAD_COND_2,LIGHTING,CONTROL_DEVICE,CHP_ROAD_TYPE,PEDESTRIAN_ACCIDENT,BICYCLE_ACCIDENT,MOTORCYCLE_ACCIDENT,TRUCK_ACCIDENT,NOT_PRIVATE_PROPERTY,ALCOHOL_INVOLVED,STWD_VEHTYPE_AT_FAULT,CHP_VEHTYPE_AT_FAULT,COUNT_SEVERE_INJ,COUNT_VISIBLE_INJ,COUNT_COMPLAINT_PAIN,COUNT_PED_KILLED,COUNT_PED_INJURED,COUNT_BICYCLIST_KILLED,COUNT_BICYCLIST_INJURED,COUNT_MC_KILLED,COUNT_MC_INJURED,PRIMARY_RAMP,SECONDARY_RAMP,LATITUDE,LONGITUDE,COUNTY,CITY,POINT_X,POINT_Y
91408716,2021,2021-02-16,9255,2021-02-07,1320,016479,,7,1,9,0500,0,3,5,,2,004,"SIX MILE RD","ALGIERS ST",4700.00,S,N,A,-,N,,,,,,,,,,Y,4,0,1,1,A,-,05,21650,,N,F,A,A,A,H,-,A,D,0,,,Y,,Y,,C,02,0,0,1,0,0,0,0,0,1,"- ","- ",38.123451232910156,-120.46791839599609,CALAVERAS,UNINCORPORATED,-120.46553039550781,38.123130798339844
91408923,2021,2021-02-16,9255,2021-02-13,1510,020142,,6,2,9,0500,0,1,3,,1,010,SR-12,"CHESTNUT ST",450.00,E,N,A,-,Y,,,12,,,,,,,Y,4,0,1,2,A,-,09,21804,A,N,D,C,A,A,H,-,A,A,0,,,,,Y,,A,01,0,0,1,0,0,0,0,0,0,"- ","- ",38.192470550537109,-120.82611846923828,CALAVERAS,UNINCORPORATED,-120.82613372802734,38.192539215087891
91411665,2021,2021-02-19,9255,2021-02-15,1215,016479,,1,1,9,0500,0,1,3,,1,020,SR-49,"CARSON HILL CT",3705.00,S,N,B,C,Y,,,49,,,,,,,Y,2,0,1,1,A,-,01,23152,A,N,E,I,A,B,H,-,A,D,0,,,,,Y,Y,D,22,1,0,0,0,0,0,0,0,0,"- ","- ",38.021389007568359,-120.51242065429688,CALAVERAS,UNINCORPORATED,-120.51243591308594,38.021404266357422
91413043,2021,2021-02-22,9255,2021-02-13,1120,018318,,6,1,9,0500,0,1,3,,1,021,SR-4,"POOL STATION RD",560.00,E,N,B,-,Y,,,4,,,,,,,Y,3,0,1,2,A,-,03,22350,,N,A,C,A,B,H,-,A,D,0,,,,,Y,,A,01,0,1,0,0,0,0,0,0,0,"- ","- ",38.047218322753906,-120.64598083496094,CALAVERAS,UNINCORPORATED,-120.64596557617188,38.047206878662109
91417982,2021,2021-03-01,9255,2021-02-22,1345,019534,,1,1,9,0500,0,1,3,,2,030,"STATE ROUTE 49","SOUTH LOMBARDI DR",5.00,S,N,A,-,Y,,,49,,,,,,,Y,4,0,2,3,A,-,03,22350,,N,C,C,A,A,H,-,A,D,0,,,,,Y,,A,07,0,0,2,0,0,0,0,0,0,"- ","- ",38.250228881835938,-120.71880340576172,CALAVERAS,UNINCORPORATED,-120.71881103515625,38.250232696533203
91425171,2021,2021-03-11,9255,2021-03-08,1305,017324,,1,1,9,0500,0,1,3,,2,030,"STATE ROUTE 49","LOMBARDI DR",960.00,S,N,A,-,Y,,,49,,,,,,,Y,4,0,2,2,A,-,03,22350,,N,C,C,A,A,H,-,A,D,0,,,,,Y,,A,01,0,0,2,0,0,0,0,0,0,"- ","- ",38.250038146972656,-120.71926116943359,CALAVERAS,UNINCORPORATED,-120.71887969970703,38.249946594238281
91426023,2021,2021-03-12,9255,2021-03-08,1455,019525,,1,2,9,0500,0,3,5,,2,002,"POOL STATION RD","UPPER ANDY ROAD",244.00,S,N,B,-,N,,,,,,,,,,Y,2,0,1,1,A,-,08,22107,,N,E,I,A,A,H,-,A,D,0,,,,,Y,,D,22,1,0,0,0,0,0,0,0,0,"- ","- ",38.126419067382812,-120.66165924072266,CALAVERAS,UNINCORPORATED,-120.66171264648438,38.126605987548828
91427140,2021,2021-03-15,9255,2021-03-09,1002,020142,,2,1,9,0500,0,1,3,,1,010,SR-12,"BURSON RD",55.00,E,N,A,-,Y,,,12,,,,,,,Y,4,0,1,2,A,-,09,21804,A,N,B,C,A,A,H,-,A,D,0,,,,,Y,,D,22,0,0,1,0,0,0,0,0,0,"- ","- ",38.183540344238281,-120.89012145996094,CALAVERAS,UNINCORPORATED,-120.89012145996094,38.183559417724609
91427174,2021,2021-03-15,9255,2021-03-10,1435,020563,,3,2,9,0500,0,1,3,,2,030,SR-49,"CENTER ST",0.00,,Y,B,-,Y,,,49,,,,,,,Y,4,0,1,2,A,-,03,22350,,N,C,C,A,A,H,-,A,D,0,,,,,Y,,A,01,0,0,1,0,0,0,0,0,0,"- ","- ",38.299720764160156,-120.71157073974609,CALAVERAS,UNINCORPORATED,-120.71157836914062,38.299736022949219
91428192,2021,2021-03-16,9255,2021-03-09,1157,020142,,2,1,9,0500,0,1,3,,1,011,SR-26,"OLIVE ORCHARD RD",0.00,,Y,A,-,Y,,,26,,,,,,,Y,3,0,1,2,A,-,03,22350,,N,C,C,A,A,H,-,A,A,0,,,,Y,Y,,D,22,0,1,0,0,0,0,0,0,0,"- ","- ",38.130191802978516,-120.87413787841797,CALAVERAS,UNINCORPORATED,-120.87411499023438,38.130176544189453
91431083,2021,2021-03-19,9255,2021-03-11,0830,018318,,4,1,9,0500,0,3,5,,2,001,"OLIVE ORCHARD RD",SR-26,3696.00,N,N,A,-,N,,,,,,,,,,Y,2,0,1,1,A,-,08,22107,,N,F,A,A,A,H,-,A,D,0,,,Y,,Y,,C,02,1,0,0,0,0,0,0,0,1,"- ","- ",38.137420654296875,-120.88149261474609,CALAVERAS,UNINCORPORATED,-120.88191986083984,38.13775634765625
91431909,2021,2021-03-22,9255,2021-03-20,1518,020142,,6,2,9,0500,0,1,3,,1,021,SR-4,"POOL STATION RD",1056.00,W,N,A,-,Y,,,4,,,,,,,N,3,0,1,1,A,-,08,22107,,N,E,I,A,A,H,-,A,D,0,,,Y,,Y,,C,02,0,1,0,0,0,0,0,0,1,"- ","- ",38.041099548339844,-120.64739990234375,CALAVERAS,UNINCORPORATED,-120.64744567871094,38.041122436523438
91433011,2021,2021-03-23,9255,2021-03-15,1950,020563,,1,2,9,0500,0,1,3,,1,011,SR-26,SR-12,395.00,W,N,B,-,Y,,,26,,,,,,,N,4,0,1,2,A,-,09,21804,A,N,D,C,A,B,H,-,D,D,0,,,,,Y,,D,22,0,0,1,0,0,0,0,0,0,"- ","- ",38.190788269042969,-120.82798004150391,CALAVERAS,UNINCORPORATED,-120.82804107666016,38.190753936767578
91433488,2021,2021-03-23,9255,2021-03-14,1750,020563,,7,2,9,0500,0,3,5,,2,001,"LA CONTENTA DR","BLUE HERON CT",190.00,S,N,A,-,N,,,,,,,,,,Y,3,0,1,1,A,-,01,23152,A,N,E,I,A,A,H,-,A,D,0,,,,,Y,Y,A,01,0,1,0,0,0,0,0,0,0,"- ","- ",38.166999816894531,-120.83194732666016,CALAVERAS,UNINCORPORATED,-120.83201599121094,38.167049407958984
91438278,2021,2021-03-29,9255,2021-03-20,1608,020563,,6,2,9,0500,0,1,3,,1,010,SR-12,"LIME CREEK RD",1000.00,W,N,A,-,Y,,,12,,,,,,,Y,3,0,1,1,A,-,08,22107,,N,E,I,A,A,H,-,A,D,0,,,,,Y,,D,22,0,1,0,0,0,0,0,0,0,"- ","- ",38.197021484375,-120.80124664306641,CALAVERAS,UNINCORPORATED,-120.80129241943359,38.197093963623047
91438771,2021,2021-03-29,9255,2021-03-20,0124,020270,,6,3,9,0500,0,3,5,,2,003,"POOL STATION RD","CEMENT PLANT RD",9240.00,S,N,B,C,N,,,,,,,,,,Y,3,0,1,1,A,-,08,22107,,N,F,A,A,B,H,-,D,D,0,,,,,Y,Y,D,22,0,1,0,0,0,0,0,0,0,"- ","- ",38.145320892333984,-120.66030120849609,CALAVERAS,UNINCORPORATED,-120.66086578369141,38.144302368164062
91439345,2021,2021-03-30,9255,2021-03-23,1230,019525,,2,1,9,0500,0,1,3,,2,030,SR-49,"RIVER RANCH RD",90.00,N,N,A,-,Y,,,49,,,,,,,Y,4,0,1,1,A,-,01,23152,F,N,E,I,A,A,H,-,A,D,0,,,,,Y,,A,07,0,0,1,0,0,0,0,0,0,"- ","- ",38.238029479980469,-120.71079254150391,CALAVERAS,UNINCORPORATED,-120.71071624755859,38.238037109375
91440075,2021,2021-03-31,9255,2021-03-19,0100,020270,,5,3,9,0500,0,1,3,,2,040,SR-4,"SUNSET RIDGE CT.",384.00,E,N,B,C,Y,,,4,,,,,,,Y,3,0,1,1,A,-,01,23152,A,N,E,I,A,B,H,-,D,D,0,,,,,Y,Y,A,07,0,1,0,0,0,0,0,0,0,"- ","- ",38.168941497802734,-120.41371917724609,CALAVERAS,UNINCORPORATED,-120.41378021240234,38.169025421142578
91442832,2021,2021-04-05,9255,2021-03-27,1935,020142,,6,2,9,0500,0,3,5,,2,001,"SPARROWK RD","HAUTLY LN",0.00,,Y,A,-,N,,,,,,,,,,Y,3,0,3,1,A,-,08,22107,,N,F,A,A,A,H,-,D,A,0,,,Y,,Y,,C,06,0,2,1,0,0,0,0,0,3,"- ","- ",38.100399017333984,-120.86052703857422,CALAVERAS,UNINCORPORATED,-120.86038208007812,38.100502014160156
91443077,2021,2021-04-05,9255,2021-02-10,1751,019996,,3,2,9,0500,0,1,3,,1,021,"STATE ROUTE 4","HORSESHOE ROAD",2112.00,W,N,A,B,Y,,,4,,,,,,,Y,1,1,0,1,A,-,03,22350,,N,F,A,A,A,H,-,A,D,0,,,Y,,Y,Y,C,02,0,0,0,0,0,0,0,1,0,"- ","- ",37.952579498291016,-120.69513702392578,CALAVERAS,UNINCORPORATED,-120.69505310058594,37.952522277832031
91445981,2021,2021-04-08,9255,2021-03-27,1030,019534,,6,1,9,0500,0,1,3,,1,011,"STATE ROUTE 26","COUNTRY VIEW DR",2640.00,E,N,A,-,Y,,,26,,,,,,,Y,3,0,1,2,A,-,08,22107,,N,E,I,A,A,H,-,A,D,0,,,,,Y,,A,01,0,1,0,0,0,0,0,0,0,"- ","- ",38.179920196533203,-120.82977294921875,CALAVERAS,UNINCORPORATED,-120.82984924316406,38.179988861083984
91446296,2021,2021-04-08,9255,2021-04-05,0932,019525,,1,1,9,0500,0,1,3,,1,010,SR-12,"CHESTNUT ST",480.00,E,N,B,-,Y,,,12,,,,,,,N,4,0,1,2,A,-,09,21804,A,N,D,C,A,A,H,-,A,A,0,,,,,Y,,A,01,0,0,1,0,0,0,0,0,0,"- ","- ",38.192489624023438,-120.82633972167969,CALAVERAS,UNINCORPORATED,-120.82633972167969,38.1925048828125
91448300,2021,2021-04-12,9255,2021-03-31,1405,019534,,3,2,9,0500,0,1,3,,2,030,"STATE ROUTE 49","BIG BAR RD",2640.00,S,N,A,-,Y,,,49,,,,,,,Y,2,0,1,2,A,-,03,22350,,N,F,A,A,A,H,-,A,D,0,,,Y,,Y,,C,02,1,0,0,0,0,0,0,0,1,"- ","- ",38.307178497314453,-120.72532653808594,CALAVERAS,UNINCORPORATED,-120.72534942626953,38.307193756103516
91450113,2021,2021-04-14,9255,2021-04-05,1440,019557,,1,2,9,0500,0,1,3,,2,050,SR-4,"BIG TREES PKWY",0.00,,Y,A,-,Y,,,4,,,,,,,Y,3,0,2,2,A,-,09,21802,A,N,D,C,A,A,H,-,A,D,0,,,,,Y,,A,01,0,1,1,0,0,0,0,0,0,"- ","- ",38.277301788330078,-120.30998229980469,CALAVERAS,UNINCORPORATED,-120.30996704101562,38.277305603027344
91451149,2021,2021-04-15,9255,2021-04-11,1255,016479,,7,1,9,0500,0,3,5,,2,004,"SIX MILE RD","VALLECITO BLUFFS ROAD",1303.00,S,N,A,-,N,,,,,,,,,,Y,3,0,1,1,A,-,05,21650,,N,E,I,A,A,H,-,A,D,0,,,Y,,Y,,C,02,0,1,0,0,0,0,0,0,1,"- ","- ",38.110088348388672,-120.47779846191406,CALAVERAS,UNINCORPORATED,-120.47826385498047,38.110057830810547
91451210,2021,2021-04-15,9255,2021-04-08,2100,019557,,4,2,9,0500,0,1,3,,1,021,SR-4,"TELEGRAPH RD",300.00,E,N,A,-,N,,,4,,,,,,,Y,4,0,1,1,A,-,03,22350,,N,F,A,A,A,H,-,D,D,0,,,,,Y,,A,07,0,0,1,0,0,0,0,0,0,"- ","- ",37.940120697021484,-120.75213623046875,CALAVERAS,UNINCORPORATED,-120.75213623046875,37.940074920654297
91451926,2021,2021-04-16,9255,2021-04-08,1450,019557,,4,2,9,0500,0,3,5,,2,004,"MURPHYS GRADE RD","FRENCH GULCH RD",500.00,W,N,A,-,N,,,,,,,,,,Y,3,0,1,1,A,-,08,22107,,N,E,I,A,A,H,-,A,D,0,,,,,Y,,A,01,0,1,0,0,0,0,0,0,0,"- ","- ",38.135051727294922,-120.47280883789062,CALAVERAS,UNINCORPORATED,-120.52003479003906,38.104259490966797
91452275,2021,2021-04-16,9255,2021-04-13,0825,017324,,2,1,9,0500,0,1,3,,1,021,"STATE ROUTE 4","HUNT ROAD",216.00,W,N,A,-,Y,,,4,,,,,,,Y,3,0,1,1,A,-,03,22350,,N,E,I,A,A,H,-,A,A,0,,,,,Y,,D,22,0,1,0,0,0,0,0,0,0,"- ","- ",38.034408569335938,-120.64990997314453,CALAVERAS,UNINCORPORATED,-120.64984893798828,38.034427642822266
91453034,2021,2021-04-19,9255,2021-04-17,1005,018492,,6,1,9,0500,0,1,3,,2,050,SR-4,"MORAN RD",3696.00,E,N,A,-,Y,,,4,,,,,,,Y,2,0,3,2,A,-,01,23152,A,N,A,C,A,A,H,-,A,D,0,,,,,Y,Y,A,01,1,1,1,0,0,0,0,0,0,"- ","- ",38.270061492919922,-120.32253265380859,CALAVERAS,UNINCORPORATED,-120.32248687744141,38.270053863525391
91453114,2021,2021-06-07,9255,2021-04-09,2000,019534,,5,2,9,0500,0,3,5,,2,002,"LITTLE JOHN ROAD","QUIVER STREET",2640.00,N,N,A,-,N,,,,,,,,,,Y,1,1,0,1,A,-,08,22107,,N,F,A,A,A,H,-,D,D,0,,,Y,,Y,,C,02,0,0,0,0,0,0,0,1,0,"- ","- ",37.942539215087891,-120.64790344238281,CALAVERAS,UNINCORPORATED,-120.64783477783203,37.94244384765625
91453975,2021,2021-04-20,9255,2021-04-10,1720,018492,,6,2,9,0500,0,1,3,,2,050,SR-4,"FOREST ROUTE 6N58",450.00,W,N,A,-,Y,,,4,,,,,,,Y,3,0,2,1,A,-,08,22107,,N,E,I,A,A,H,-,A,D,0,,,,,Y,Y,A,01,0,2,0,0,0,0,0,0,0,"- ","- ",38.330009460449219,-120.2384033203125,CALAVERAS,UNINCORPORATED,-120.23846435546875,38.330112457275391
91454111,2021,2021-04-20,9255,2021-04-17,0445,019525,,6,3,9,0500,0,3,5,,2,004,"6 MILE RD","ALGIERS ST",67.00,S,N,A,-,N,,,,,,,,,,Y,3,0,1,2,A,-,08,22107,,N,C,E,A,A,H,-,D,D,0,,,,,Y,,D,22,0,1,0,0,0,0,0,0,0,"- ","- ",38.134021759033203,-120.46212005615234,CALAVERAS,UNINCORPORATED,-120.46204400000001,38.133983000000001
91458649,2021,2021-09-28,9255,2021-04-15,1720,020563,,4,2,9,0500,0,1,3,,1,010,SR-12,"BURSON ROAD",0.00,,Y,A,-,Y,,,12,,,,,,,Y,2,0,2,4,A,-,01,23152,A,N,D,C,A,A,H,-,A,A,0,,,,Y,Y,Y,A,01,1,1,0,0,0,0,0,0,0,"- ","- ",38.183551788330078,-120.89041900634766,CALAVERAS,UNINCORPORATED,-120.89041900634766,38.183547973632812
91458650,2021,2021-04-26,9255,2021-04-17,2120,020270,,6,2,9,0500,0,1,3,,1,011,SR-26,"HEINEMANN DR",482.00,W,N,A,-,Y,,,26,,,,,,,Y,3,0,1,1,A,-,01,23152,A,N,E,I,A,A,H,-,D,D,0,,,,,Y,Y,A,07,0,1,0,0,0,0,0,0,0,"- ","- ",38.153888702392578,-120.85365295410156,CALAVERAS,UNINCORPORATED,-120.85374450683594,38.154029846191406
91463531,2021,2021-05-27,9255,2021-04-22,0730,018318,,4,1,9,0500,0,3,5,,2,003,"CALIFORNIA STREET","POPE STREET",0.00,,Y,A,-,N,,,,,,,,,,Y,3,0,3,2,A,-,08,22107,,N,A,E,A,A,H,-,A,A,0,,,,,Y,,A,01,0,3,0,0,0,0,0,0,0,"- ","- ",38.197559356689453,-120.67884826660156,CALAVERAS,UNINCORPORATED,-120.67890167236328,38.197475433349609
91464309,2021,2021-05-03,9255,2021-04-17,1440,020563,,6,2,9,0500,0,1,3,,1,011,SR-26,"DOUBLE SPRINGS RD",3200.00,E,N,A,-,Y,,,26,,,,,,,Y,2,0,2,2,A,-,05,21460,A,N,A,C,A,A,H,-,A,D,0,,,Y,,Y,,C,02,2,0,0,0,0,0,0,0,2,"- ","- ",38.223739624023438,-120.76138305664062,CALAVERAS,UNINCORPORATED,-120.76137542724609,38.223739624023438
91464705,2021,2021-05-27,9255,2021-04-26,2055,019640,,1,2,9,0500,0,3,5,,2,002,"LITTLE JOHN ROAD","QUIVER STREET",370.00,N,N,A,-,N,,,,,,,,,,Y,4,0,1,1,A,-,01,23152,A,N,E,I,A,A,H,-,D,D,0,,,,,Y,Y,A,08,0,0,1,0,0,0,0,0,0,"- ","- ",37.937519073486328,-120.6444091796875,CALAVERAS,UNINCORPORATED,-120.64426422119141,37.936981201171875
91465653,2021,2021-05-27,9255,2021-04-24,2015,020563,,6,2,9,0500,0,2,4,,2,034,"RAILROAD FLAT RD","BLACK OAK DR",35.00,S,N,B,-,N,,,,,,,,,,Y,4,0,1,2,A,-,08,22107,,M,B,C,A,A,H,-,D,D,0,,,,,Y,,-,99,0,0,1,0,0,0,0,0,0,"- ","- ",38.318050384521484,-120.520751953125,CALAVERAS,UNINCORPORATED,-120.52065277099609,38.317375183105469
91465986,2021,2021-05-27,9255,2021-05-04,1015,016479,,2,1,9,0500,0,3,5,,2,003,"BLUE MOUNTAIN ROAD","POVERTY LANE",130.00,S,N,A,-,N,,,,,,,,,,Y,4,0,1,1,A,-,08,22107,,N,E,I,A,A,H,-,A,D,0,,,,,Y,,D,22,0,0,1,0,0,0,0,0,0,"- ","- ",38.376029968261719,-120.49997711181641,CALAVERAS,UNINCORPORATED,-120.5001220703125,38.375877380371094
91466501,2021,2021-05-27,9255,2021-04-25,1530,018894,,7,2,9,0500,0,1,3,,2,050,"STATE ROUTE 4","USFS 6N24Y",0.00,,Y,D,-,Y,,,4,,,,,,,N,3,0,2,1,A,-,08,22107,,F,E,I,A,C,H,-,A,D,0,,,,,Y,,A,01,0,2,0,0,0,0,0,0,0,"- ","- ",38.393039703369141,-120.18226623535156,CALAVERAS,UNINCORPORATED,-120.18226623535156,38.393028259277344
91468310,2021,2021-05-27,9255,2021-05-03,1635,020142,,1,2,9,0500,0,1,3,,1,011,SR-26,"SILVER RAPIDS RD",0.00,,Y,A,-,Y,,,26,,,,,,,Y,3,0,1,2,A,-,09,21802,A,N,D,C,A,A,H,-,A,A,0,,,,,Y,,D,22,0,1,0,0,0,0,0,0,0,"- ","- ",38.159111022949219,-120.84664154052734,CALAVERAS,UNINCORPORATED,-120.84663391113281,38.159091949462891
91469961,2021,2021-05-27,9255,2021-04-29,1625,019640,,4,2,9,0500,0,3,5,,2,002,"POOL STATION RD","BAR 7 ROAD",1584.00,N,N,A,-,N,,,,,,,,,,Y,2,0,1,1,A,-,01,23152,A,N,E,I,A,A,H,-,A,D,0,,,,,Y,Y,A,01,1,0,0,0,0,0,0,0,0,"- ","- ",38.081920623779297,-120.66204833984375,CALAVERAS,UNINCORPORATED,,
91470065,2021,2021-05-27,9255,2021-05-08,1711,020142,,6,2,9,0500,0,1,3,,1,021,SR-4,"HUNT RD",732.00,W,N,A,-,Y,,,4,,,,,,,Y,2,0,1,2,A,-,05,21460,A,N,B,C,A,A,H,-,A,D,0,,,Y,,Y,,C,02,1,0,0,0,0,0,0,0,1,"- ","- ",38.033321380615234,-120.64895629882812,CALAVERAS,UNINCORPORATED,-120.64897918701172,38.033306121826172
91470851,2021,2021-05-27,9255,2021-04-30,1205,018318,,5,1,9,0500,0,1,3,,1,020,SR-49,"COSGRAVE ROAD",550.00,N,N,A,-,Y,,,49,,,,,,,N,2,0,1,1,A,-,08,22107,,N,F,A,A,A,H,-,A,D,0,,,,,Y,,A,07,1,0,0,0,0,0,0,0,0,"- ","- ",38.111099243164062,-120.60475158691406,CALAVERAS,UNINCORPORATED,-120.604736328125,38.11114501953125
91475230,2021,2021-05-27,9255,2021-05-10,1020,019557,,1,1,9,0500,0,1,3,,2,031,SR-26,"PALMOA RD.",1056.00,E,N,A,-,Y,,,26,,,,,,,Y,3,0,2,1,A,-,03,22350,,N,F,A,A,A,H,-,A,D,0,,,Y,,Y,,C,02,0,1,1,0,0,0,0,0,2,"- ","- ",38.262630462646484,-120.73815155029297,CALAVERAS,UNINCORPORATED,-120.73812866210938,38.262611389160156
91475988,2021,2021-05-27,9255,2021-05-10,1510,018894,,1,2,9,0500,0,3,5,,2,005,"CYPRESS POINT DR","MEADOW RD",1000.00,S,N,A,-,N,,,,,,,,,,N,3,0,1,1,A,-,08,22107,,N,E,I,A,A,H,-,A,D,0,,,,,Y,,A,01,0,1,0,0,0,0,0,0,0,"- ","- ",38.249351501464844,-120.3265380859375,CALAVERAS,UNINCORPORATED,-120.32752227783203,38.255687713623047
91476395,2021,2021-05-27,9255,2021-05-09,1745,020563,,7,2,9,0500,0,1,3,,1,010,SR-12,"CHESTNUT ST",450.00,E,N,A,-,Y,,,12,,,,,,,Y,4,0,1,2,A,-,09,21802,A,N,D,C,A,A,H,-,A,A,0,,,,,Y,,A,01,0,0,1,0,0,0,0,0,0,"- ","- ",38.192478179931641,-120.82631683349609,CALAVERAS,UNINCORPORATED,-120.82632446289062,38.192508697509766
91481181,2021,2021-05-27,9255,2021-05-21,0725,017324,,5,1,9,0500,0,1,3,,2,050,"STATE ROUTE 4","MORAN ROAD",125.00,E,N,A,-,N,,,4,,,,,,,Y,3,0,1,2,A,-,03,22350,,N,C,C,A,A,H,-,A,A,0,,,,,Y,,A,01,0,1,0,0,0,0,0,0,0,"- ","- ",38.203540802001953,-120.369873046875,CALAVERAS,UNINCORPORATED,-120.36985778808594,38.203540802001953
91483413,2021,2021-05-27,9255,2021-04-20,1514,019996,,2,2,9,0500,0,1,3,,2,031,"STATE ROUTE 49","STATE ROUTE 12",1330.00,N,N,A,-,Y,,,49,,,,,,,Y,1,1,2,3,A,-,05,21460,A,N,A,C,A,A,H,-,A,D,0,,,,,Y,,D,22,0,2,0,0,0,0,0,0,0,"- ","- ",38.208461761474609,-120.69721221923828,CALAVERAS,UNINCORPORATED,-120.69719696044922,38.208457946777344
91486527,2021,2021-06-01,9255,2021-05-24,1918,020142,,1,2,9,0500,0,2,4,,2,034,"MOUNTAIN RANCH RD","MARSHALL AVE",152.00,E,N,A,-,N,,,,,,,,,,Y,2,0,1,2,A,-,08,22107,,N,B,C,A,A,H,-,A,D,0,,,,,Y,,A,01,1,0,0,0,0,0,0,0,0,"- ","- ",38.190578460693359,-120.67093658447266,CALAVERAS,UNINCORPORATED,-120.67097473144531,38.190582275390625
91486902,2021,2021-06-01,9255,2021-05-28,1030,017324,,5,1,9,0500,0,1,3,,2,040,"BIG TREES ROAD","STATE ROUTE 4",20.00,N,N,A,-,N,,,,,,,,,,Y,4,0,1,2,A,-,08,22107,,N,B,C,A,A,H,-,A,A,0,,,,,Y,,A,01,0,0,1,0,0,0,0,0,0,"- ","- ",38.139320373535156,-120.45630645751953,CALAVERAS,UNINCORPORATED,-120.45615386962891,38.139110565185547
91487771,2021,2021-06-02,9255,2021-02-21,1605,020142,,7,2,9,0500,0,3,5,,2,001,"DOUBLE SPRINGS ROAD","FREEDOM WAY",440.00,W,N,A,-,N,,,,,,,,,,Y,1,1,1,2,A,-,05,21460,A,N,A,C,A,A,H,-,A,D,0,,,Y,,Y,,A,01,0,1,0,0,0,0,0,1,0,"- ","- ",38.215751647949219,-120.76930999755859,CALAVERAS,UNINCORPORATED,,
91488839,2021,2021-06-03,9255,2021-05-26,1330,019525,,3,1,9,0500,0,1,3,,2,030,SR-49,SR-12,1056.00,N,N,A,-,Y,,,49,,,,,,,Y,3,0,1,3,A,-,03,22350,,N,C,C,A,A,H,-,A,D,0,,,,,Y,,A,08,0,1,0,0,0,0,0,0,0,"- ","- ",38.208389282226562,-120.69719696044922,CALAVERAS,UNINCORPORATED,-120.69719696044922,38.208389282226562
91490670,2021,2021-06-07,9255,2021-05-22,2113,019246,,6,2,9,0500,0,1,3,,1,011,"JENNY LIND RD","DALEE RD",0.00,,Y,A,-,N,,,,,,,,,,Y,2,0,1,1,A,-,01,23152,A,N,E,I,A,A,H,-,D,D,0,,,,,Y,Y,D,22,1,0,0,0,0,0,0,0,0,"- ","- ",38.122440338134766,-120.87713623046875,CALAVERAS,UNINCORPORATED,-120.87722015380859,38.122352600097656
91491262,2021,2021-06-07,9255,2021-05-29,1155,019640,,6,1,9,0500,0,1,3,,1,011,SR-26,"HOGAN DAM ROAD",0.00,,Y,A,-,N,,,26,,,,,,,Y,3,0,1,3,A,-,03,22350,,N,C,C,A,A,H,-,A,D,0,,,,,Y,,A,01,0,1,0,0,0,0,0,0,0,"- ","- ",38.186481475830078,-120.82557678222656,CALAVERAS,UNINCORPORATED,-120.82556915283203,38.186481475830078
91491284,2021,2021-06-07,9255,2021-05-30,2230,019246,,7,3,9,0500,0,3,5,,2,001,"THE NORTH DRIVEWAY TO THE FIDDLENECK DAY USE AREA","NEW HOGAN PKWY",200.00,E,N,A,-,N,,,,,,,,,,Y,3,0,1,1,A,-,01,23152,A,N,E,I,A,A,H,-,D,D,0,,,,,Y,Y,A,08,0,1,0,0,0,0,0,0,0,"- ","- ",38.171108245849609,-120.79791259765625,CALAVERAS,UNINCORPORATED,-120.798039,38.171048999999996
91492162,2021,2021-06-08,9255,2021-06-01,1945,020563,,2,2,9,0500,0,1,3,,1,010,SR-12,"LIME CREEK ROAD",340.00,E,N,A,-,Y,,,12,,,,,,,Y,2,0,1,2,A,-,03,22350,,N,C,C,A,A,H,-,A,A,0,,,Y,,Y,,C,02,1,0,0,0,0,0,0,0,1,"- ","- ",38.193710327148438,-120.81957244873047,CALAVERAS,UNINCORPORATED,-120.81956481933594,38.193698883056641