CASE_ID,ACCIDENT_YEAR,PROC_DATE,JURIS,COLLISION_DATE,COLLISION_TIME,OFFICER_ID,REPORTING_DISTRICT,DAY_OF_WEEK,CHP_SHIFT,POPULATION,CNTY_CITY_LOC,SPECIAL_COND,BEAT_TYPE,CHP_BEAT_TYPE,CITY_DIVISION_LAPD,CHP_BEAT_CLASS,BEAT_NUMBER,PRIMARY_RD,SECONDARY_RD,DISTANCE,DIRECTION,INTERSECTION,WEATHER_1,WEATHER_2,STATE_HWY_IND,CALTRANS_COUNTY,CALTRANS_DISTRICT,STATE_ROUTE,ROUTE_SUFFIX,POSTMILE_PREFIX,POSTMILE,LOCATION_TYPE,RAMP_INTERSECTION,SIDE_OF_HWY,TOW_AWAY,COLLISION_SEVERITY,NUMBER_KILLED,NUMBER_INJURED,PARTY_COUNT,PRIMARY_COLL_FACTOR,PCF_CODE_OF_VIOL,PCF_VIOL_CATEGORY,PCF_VIOLATION,PCF_VIOL_SUBSECTION,HIT_AND_RUN,TYPE_OF_COLLISION,MVIW,PED_ACTION,ROAD_SURFACE,ROAD_COND_1,ROAD_COND_2,LIGHTING,CONTROL_DEVICE,CHP_ROAD_TYPE,PEDESTRIAN_ACCIDENT,BICYCLE_ACCIDENT,MOTORCYCLE_ACCIDENT,TRUCK_ACCIDENT,NOT_PRIVATE_PROPERTY,ALCOHOL_INVOLVED,STWD_VEHTYPE_AT_FAULT,CHP_VEHTYPE_AT_FAULT,COUNT_SEVERE_INJ,COUNT_VISIBLE_INJ,COUNT_COMPLAINT_PAIN,COUNT_PED_KILLED,COUNT_PED_INJURED,COUNT_BICYCLIST_KILLED,COUNT_BICYCLIST_INJURED,COUNT_MC_KILLED,COUNT_MC_INJURED,PRIMARY_RAMP,SECONDARY_RAMP,LATITUDE,LONGITUDE,COUNTY,CITY,POINT_X,POINT_Y
91493287,2021,2021-06-09,9255,2021-06-08,1130,016479,,2,1,9,0500,0,1,3,,1,020,SR-49,"FOURTH CROSSING RD",5808.00,S,N,A,-,Y,,,49,,,,,,,Y,3,0,1,1,A,-,06,21751,,N,F,A,A,A,H,-,A,D,0,,,,,Y,,D,22,0,1,0,0,0,0,0,0,0,"- ","- ",38.121559143066406,-120.62375640869141,CALAVERAS,UNINCORPORATED,-120.62374114990234,38.121585845947266
91496130,2021,2021-06-14,9255,2021-06-06,2015,020563,,7,2,9,0500,0,3,5,,2,003,"JESUS MARIA RD","RAILROAD FLAT RD",1056.00,W,N,A,-,N,,,,,,,,,,Y,4,0,1,1,A,-,08,22107,,N,E,I,A,A,H,-,A,D,0,,,,,Y,,A,01,0,0,1,0,0,0,0,0,0,"- ","- ",38.284221649169922,-120.50778961181641,CALAVERAS,UNINCORPORATED,-120.50762939453125,38.284255981445312
91496708,2021,2021-06-14,9255,2021-06-02,0730,018894,,3,1,9,0500,0,1,3,,2,050,"STATE ROUTE 4","COUNTRY CLUB DR",0.00,,Y,A,-,Y,,,4,,,,,,,Y,2,0,3,2,A,-,09,21802,A,N,D,C,A,A,H,-,A,A,0,,,,,Y,,A,07,1,1,1,0,0,0,0,0,0,"- ","- ",38.242401123046875,-120.36109924316406,CALAVERAS,UNINCORPORATED,-120.36112213134766,38.242408752441406
91501501,2021,2021-06-21,9255,2021-04-10,0345,019525,,6,3,9,0500,0,3,5,,2,004,"VALLECITO ROAD","STATE ROUTE 4",145.00,S,N,A,-,Y,,,,,,,,,,Y,1,1,0,1,A,-,01,23152,A,N,E,I,A,A,H,-,D,D,0,,,,,Y,Y,A,07,0,0,0,0,0,0,0,0,0,"- ","- ",38.078788757324219,-120.52674102783203,CALAVERAS,UNINCORPORATED,-120.53864288330078,38.068248748779297
91501598,2021,2021-06-21,9255,2021-06-12,1345,019525,,6,1,9,0500,0,3,5,,2,005,"BLAGEN ROAD","HENRY DRIVE",0.00,,Y,A,-,N,,,,,,,,,,Y,4,0,1,2,A,-,09,21802,A,N,D,C,A,A,H,-,A,A,0,,,Y,,Y,,A,07,0,0,1,0,0,0,0,0,1,"- ","- ",38.257408142089844,-120.34754180908203,CALAVERAS,UNINCORPORATED,-120.34748077392578,38.257408142089844
91501922,2021,2021-06-21,9255,2021-06-13,1846,020563,,7,2,9,0500,0,1,3,,1,010,SR-12,"BURSON ROAD",2820.00,W,N,A,-,Y,,,12,,,,,,,Y,4,0,1,2,A,-,03,22350,,N,C,C,A,A,H,-,A,D,0,,,,,Y,,A,01,0,0,1,0,0,0,0,0,0,"- ","- ",38.182929992675781,-120.90007781982422,CALAVERAS,UNINCORPORATED,-120.90007781982422,38.182926177978516
91502113,2021,2021-06-21,9255,2021-06-13,1540,020563,,7,2,9,0500,0,3,5,,2,001,"SOUTHWORTH RD","EVERGREEN ROAD",70.00,E,N,A,-,N,,,,,,,,,,N,2,0,1,1,A,-,08,22107,,N,F,A,A,A,H,-,A,D,0,,,Y,,Y,,C,02,1,0,0,0,0,0,0,0,1,"- ","- ",38.148628234863281,-120.91290283203125,CALAVERAS,UNINCORPORATED,-120.91306304931641,38.148628234863281
91505097,2021,2021-06-24,9255,2021-06-22,1742,020142,,2,2,9,0500,0,2,4,,2,034,"RAILROAD FLAT RD","WHARREGARD RD",1584.00,N,N,A,-,N,,,,,,,,,,N,4,0,1,1,A,-,08,22107,,N,E,I,A,A,H,-,A,D,0,,,,,Y,,A,01,0,0,1,0,0,0,0,0,0,"- ","- ",38.296749114990234,-120.50228881835938,CALAVERAS,UNINCORPORATED,-120.50141906738281,38.296367645263672
91508899,2021,2021-06-29,9255,2021-06-27,1530,020142,,7,2,9,0500,0,1,3,,1,021,SR-4,"POOL STATION RD",900.00,E,N,A,-,Y,,,4,,,,,,,Y,4,0,1,1,A,-,08,22107,,N,E,8,A,A,H,-,A,D,0,,,,,Y,,A,01,0,0,1,0,0,0,0,0,0,"- ","- ",38.047138214111328,-120.6461181640625,CALAVERAS,UNINCORPORATED,-120.64608001708984,38.047096252441406
91509643,2021,2021-07-01,9255,2021-06-08,2500,018363,,2,4,9,0500,0,3,5,,2,001,"JENNY LIND ROAD","MANN STREET",100.00,N,N,A,-,N,,,,,,,,,,Y,1,1,0,1,A,-,01,23152,F,N,E,I,A,A,H,-,D,A,0,,,Y,,Y,,C,02,0,0,0,0,0,0,0,1,0,"- ","- ",38.099189758300781,-120.87837219238281,CALAVERAS,UNINCORPORATED,-120.87857055664062,38.099452972412109
91513669,2021,2021-07-06,9255,2021-06-30,1315,019534,,3,1,9,0500,0,1,3,,2,030,"STATE ROUTE 49","STATE ROUTE 26",0.00,,Y,A,-,Y,,,49,,,,,,,Y,4,0,2,2,A,-,12,22450,A,N,D,C,A,A,H,-,A,A,0,,,,,Y,,A,01,0,0,2,0,0,0,0,0,0,"- ","- ",38.297859191894531,-120.70472717285156,CALAVERAS,UNINCORPORATED,-120.7047119140625,38.297878265380859
91515962,2021,2021-07-08,9255,2021-07-07,0710,016479,,3,1,9,0500,0,3,5,,2,002,"LITTLE JOHN ROAD","KIVA DRIVE",14.00,S,N,A,-,N,,,,,,,,,,N,2,0,1,1,B,-,22,,,N,F,A,A,A,H,-,A,D,0,,Y,,,Y,,L,04,1,0,0,0,0,0,1,0,0,"- ","- ",37.908309936523438,-120.61377716064453,CALAVERAS,UNINCORPORATED,-120.61374664306641,37.908332824707031
91516774,2021,2021-07-09,9255,2021-06-30,1650,020270,,3,2,9,0500,0,1,3,,1,010,SR-12,"GILLAM RD.",75.00,E,N,A,-,Y,,,12,,,,,,,Y,3,0,1,3,A,-,01,23152,A,N,E,I,A,A,H,-,A,D,0,,,,,Y,Y,A,01,0,1,0,0,0,0,0,0,0,"- ","- ",38.208751678466797,-120.78572845458984,CALAVERAS,UNINCORPORATED,-120.78572845458984,38.208744049072266
91516935,2021,2021-07-09,9255,2021-04-03,0230,020270,,6,3,9,0500,0,3,5,,2,002,"O'BYRNES FERRY ROAD","COSMIC COURT",980.00,S,N,A,-,N,,,,,,,,,,Y,1,1,0,1,A,-,01,23152,A,N,E,I,A,A,H,-,D,D,0,,,,,Y,Y,D,22,0,0,0,0,0,0,0,0,0,"- ","- ",37.933948516845703,-120.60340118408203,CALAVERAS,UNINCORPORATED,-120.60298919677734,37.933315277099609
91516991,2021,2021-07-09,9255,2021-07-04,0900,019534,,7,1,9,0500,0,3,5,,2,002,"POOL STATION RD","SPRING HILL RANCH RD",300.00,S,N,A,-,N,,,,,,,,,,Y,3,0,1,1,A,-,08,22107,,N,E,I,A,A,H,-,A,D,0,,,,,Y,,A,01,0,1,0,0,0,0,0,0,0,"- ","- ",38.069240570068359,-120.66043090820312,CALAVERAS,UNINCORPORATED,-120.66037750244141,38.069286346435547
91517768,2021,2021-07-12,9255,2021-07-02,0959,019525,,5,1,9,0500,0,3,5,,2,002,"CHEYENNE ROAD","BEAVER STREET",0.00,,Y,A,-,N,,,,,,,,,,Y,3,0,1,1,A,-,08,22107,,N,E,I,A,A,H,-,A,D,0,,,,,Y,,A,07,0,1,0,0,0,0,0,0,0,"- ","- ",37.962791442871094,-120.63836669921875,CALAVERAS,UNINCORPORATED,-120.63838958740234,37.962772369384766
91518348,2021,2021-07-12,9255,2021-07-05,1500,019557,,1,2,9,0500,0,1,3,,1,020,SR-49,"RED HILL RD",13200.00,S,N,A,-,Y,,,,,,,,,,Y,4,0,1,1,A,-,03,22350,,N,E,I,A,A,H,-,A,D,0,,,,,Y,,A,01,0,0,1,0,0,0,0,0,0,"- ","- ",38.008171081542969,-120.50360107421875,CALAVERAS,UNINCORPORATED,-120.50527191162109,38.008090972900391
91518391,2021,2021-07-12,9255,2021-06-21,1027,019640,,1,1,9,0500,0,1,3,,2,030,"STATE ROUTE 49","REFUSE DISPOSAL SITE ROAD",1920.00,S,N,A,-,Y,,,49,,,,,,,Y,1,1,0,1,A,-,08,22107,,N,E,I,A,A,H,-,A,D,0,,,,,Y,,D,22,0,0,0,0,0,0,0,0,0,"- ","- ",38.244998931884766,-120.71949768066406,CALAVERAS,UNINCORPORATED,-120.71954345703125,38.244983673095703
91518459,2021,2021-07-12,9255,2021-07-03,1950,020563,,6,2,9,0500,0,1,3,,2,030,SR-49,"NORTH LOMBARDI ROAD",1500.00,S,N,A,-,Y,,,49,,,,,,,Y,3,0,1,1,A,-,01,23152,A,N,E,I,A,A,H,-,A,D,0,,,,,Y,Y,A,01,0,1,0,0,0,0,0,0,0,"- ","- ",38.248561859130859,-120.71917724609375,CALAVERAS,UNINCORPORATED,-120.71921539306641,38.248569488525391
91518785,2021,2021-07-13,9255,2021-07-05,1840,020563,,1,2,9,0500,0,3,5,,2,001,"DOUBLE SPRINGS RD","FREEDOM WAY",2750.00,W,N,A,-,N,,,,,,,,,,N,2,0,1,1,A,-,01,23152,A,N,E,I,A,A,H,-,A,D,0,,,,,Y,Y,D,22,1,0,0,0,0,0,0,0,0,"- ","- ",38.212661743164062,-120.77401733398438,CALAVERAS,UNINCORPORATED,,
91518809,2021,2021-07-13,9255,2021-07-11,1809,020142,,7,2,9,0500,0,1,3,,2,040,SR-4,"LIVE OAK DRIVE",6.00,E,N,A,-,Y,,,4,,,,,,,Y,3,0,1,1,A,-,01,23152,A,N,E,8,A,A,H,-,A,A,0,,,,,Y,Y,A,07,0,1,0,0,0,0,0,0,0,"- ","- ",38.110931396484375,-120.4586181640625,CALAVERAS,UNINCORPORATED,-120.45868682861328,38.111011505126953
91519202,2021,2021-07-13,9255,2021-07-10,1125,019640,,6,1,9,0500,0,3,5,,2,001,"HOGAN DAM RD","VISTA DEL LAGO DR",40.00,N,N,A,-,N,,,,,,,,,,Y,3,0,1,1,A,-,08,22107,,N,F,A,A,A,H,-,A,D,0,,,,,Y,,A,07,0,1,0,0,0,0,0,0,0,"- ","- ",38.162609100341797,-120.81616973876953,CALAVERAS,UNINCORPORATED,-120.81623077392578,38.162738800048828
91523337,2021,2021-07-19,9255,2021-07-08,2145,020414,,4,2,9,0500,0,3,5,,2,004,"MAIN STREET","N. ALGIERS STREET",135.00,E,N,A,-,N,,,,,,,,,,Y,3,0,1,2,A,-,01,23152,A,N,A,E,A,A,H,-,C,D,0,,,Y,,Y,Y,C,02,0,1,0,0,0,0,0,0,1,"- ","- ",38.137630462646484,-120.46434020996094,CALAVERAS,UNINCORPORATED,-120.46442413330078,38.137657165527344
91523579,2021,2021-07-19,9255,2021-07-11,1745,020563,,7,2,9,0500,0,3,5,,2,001,"HOGAN DAM RD","LAKE VIEW CIRCLE",1820.00,N,N,A,-,N,,,,,,,,,,Y,2,0,2,2,A,-,01,23152,A,N,F,A,A,A,H,-,A,D,0,,,Y,,Y,Y,D,22,2,0,0,0,0,0,0,0,1,"- ","- ",38.168270111083984,-120.81330108642578,CALAVERAS,UNINCORPORATED,-120.81338500976562,38.168113708496094
91523851,2021,2021-07-19,9255,2021-07-19,1050,020414,,1,1,9,0500,0,1,3,,2,030,SR-49,"POOL STATION RD",0.00,,Y,A,-,Y,,,49,,,,,,,Y,3,0,1,2,A,-,03,22350,,N,C,C,A,A,H,-,A,D,0,,,,Y,Y,,A,01,0,1,0,0,0,0,0,0,0,"- ","- ",38.201210021972656,-120.69280242919922,CALAVERAS,UNINCORPORATED,-120.69279479980469,38.201217651367188
91525256,2021,2021-07-21,9255,2021-07-13,2015,019557,,2,2,9,0500,0,1,3,,2,040,SR-4,"HUNTER DAM RD",528.00,E,N,A,-,Y,,,4,,,,,,,Y,2,0,3,2,A,-,05,21460,A,N,A,C,A,A,H,-,B,D,0,,,,,Y,,A,08,2,0,1,0,0,0,0,0,0,"- ","- ",38.1998291015625,-120.36588287353516,CALAVERAS,UNINCORPORATED,-120.36590576171875,38.199813842773438
91525422,2021,2021-07-21,9255,2021-07-16,0554,020414,,5,3,9,0500,0,1,3,,2,030,SR-49,"UNION MINE ROAD",844.00,S,N,A,-,Y,,,49,,,,,,,Y,3,0,1,2,A,-,05,21460,A,N,B,C,A,A,H,-,A,D,0,,,,Y,Y,,A,07,0,1,0,0,0,0,0,0,0,"- ","- ",38.156509399414062,-120.64440155029297,CALAVERAS,UNINCORPORATED,-120.64440155029297,38.156505584716797
91525432,2021,2021-07-21,9255,2021-07-17,1545,020142,,6,2,9,0500,0,3,5,,2,001,"SANDRETTO ROAD","PARDEE DAM ROAD",4224.00,S,N,A,-,N,,,,,,,,,,Y,3,0,1,1,A,-,03,22350,,N,E,J,A,A,H,-,A,D,0,,,Y,,Y,,C,02,0,1,0,0,0,0,0,0,1,"- ","- ",38.241809844970703,-120.84221649169922,CALAVERAS,UNINCORPORATED,,
91526255,2021,2021-07-22,9255,2021-07-12,2240,019246,,1,3,9,0500,0,3,5,,2,001,"MILTON RD","HUNT RD",3749.00,N,N,A,-,N,,,,,,,,,,Y,4,0,1,1,A,-,03,22350,,N,E,H,A,A,H,-,D,D,0,,,,,Y,,D,22,0,0,1,0,0,0,0,0,0,"- ","- ",38.043109893798828,-120.85909271240234,CALAVERAS,UNINCORPORATED,-120.85916137695312,38.043258666992188
91526579,2021,2021-07-22,9255,2021-07-13,0845,019525,,2,1,9,0500,0,3,5,,2,005,"RAWHIDE DRIVE","PARDEE DRIVE",250.00,W,N,A,-,N,,,,,,,,,,Y,4,0,1,1,A,-,08,22107,,N,E,I,A,A,H,-,A,D,0,,,,,Y,,A,01,0,0,1,0,0,0,0,0,0,"- ","- ",38.237831115722656,-120.35520172119141,CALAVERAS,UNINCORPORATED,-120.35957336425781,38.237346649169922
91526847,2021,2021-07-22,9255,2021-07-20,1745,019557,,2,2,9,0500,0,3,5,,2,002,"WHITTLE RD",SR-49,16368.00,W,N,A,-,N,,,,,,,,,,Y,3,0,1,1,A,-,08,22107,,N,E,I,A,A,H,-,A,D,0,,,,,Y,,A,07,0,1,0,0,0,0,0,0,0,"- ","- ",38.011161804199219,-120.52964019775391,CALAVERAS,UNINCORPORATED,-120.529616,38.011169000000002
91529125,2021,2021-07-26,9255,2021-07-24,2048,020142,,6,2,9,0500,0,1,3,,2,040,SR-4,"STRAWBERRY HILL RD",200.00,E,N,A,-,Y,,,4,,,,,,,Y,3,0,1,1,C,-,18,,,N,E,I,A,A,H,-,D,D,0,,,,,Y,,-,"- ",0,1,0,0,0,0,0,0,0,"- ","- ",38.167648315429688,-120.41560363769531,CALAVERAS,UNINCORPORATED,-120.41556549072266,38.1676025390625
91530712,2021,2021-07-28,9255,2021-07-22,2315,019525,,4,3,9,0500,0,1,3,,2,050,SR-4,"ARNOLD BYWAY",262.00,W,N,A,-,Y,,,4,,,,,,,Y,4,0,1,1,A,-,08,22107,,N,E,I,A,A,H,-,D,D,0,,,,,Y,,B,07,0,0,1,0,0,0,0,0,0,"- ","- ",38.262138366699219,-120.33702850341797,CALAVERAS,UNINCORPORATED,-120.33706665039062,38.262172698974609
91531009,2021,2021-07-28,9255,2021-07-18,1520,020563,,7,2,9,0500,0,3,5,,2,001,"MILTON RD","HUNT RD",0.00,,Y,A,-,N,,,,,,,,,,Y,4,0,1,2,A,-,03,22350,,N,D,C,A,A,H,-,A,D,0,,,,,Y,,A,07,0,0,1,0,0,0,0,0,0,"- ","- ",38.035270690917969,-120.8519287109375,CALAVERAS,UNINCORPORATED,-120.8519287109375,38.035240173339844
91533767,2021,2021-07-30,9255,2021-07-29,0940,017324,,4,1,9,0500,0,1,3,,2,040,"STATE ROUTE 4","MAIN STREET (DOUGLAS FLAT)",165.00,W,N,A,-,Y,,,4,,,,,,,Y,3,0,1,2,A,-,03,22350,,N,C,C,A,A,H,-,A,A,0,,,,,Y,Y,A,01,0,1,0,0,0,0,0,0,0,"- ","- ",38.111301422119141,-120.45836639404297,CALAVERAS,UNINCORPORATED,-120.45835876464844,38.111286163330078
91534682,2021,2021-08-02,9255,2021-07-25,1745,020563,,7,2,9,0500,0,1,3,,2,031,SR-26,"GILLHAVEN ROAD",1420.00,E,N,A,-,Y,,,26,,,,,,,N,4,0,1,1,A,-,08,22107,,N,F,A,A,A,H,-,A,D,0,,,Y,,Y,,C,02,0,0,1,0,0,0,0,0,1,"- ","- ",38.314678192138672,-120.65499114990234,CALAVERAS,UNINCORPORATED,-120.65494537353516,38.314605712890625
91535710,2021,2021-08-03,9255,2021-07-23,2334,020270,,5,3,9,0500,0,2,S,,2,904,"1071 AVERY SHEEP RANCH RD","AVERY SHEEP RANCH RD.",1053.00,S,N,A,-,N,,,,,,,,,,N,2,0,6,1,A,-,01,23152,A,N,F,A,A,A,H,-,D,D,0,,,,,Y,Y,M,96,5,1,0,0,0,0,0,0,0,"- ","- ",38.198619842529297,-120.38453674316406,CALAVERAS,UNINCORPORATED,-120.37336730957031,38.205333709716797
91536015,2021,2021-08-03,9255,2021-08-03,0730,020414,,2,1,9,0500,0,3,5,,2,003,"GOVERNMENT CENTER ROAD","MOUNTAIN RANCH RD",172.00,E,N,A,-,Y,,,,,,,,,,N,3,0,1,2,A,-,08,22107,,N,D,G,A,A,H,-,A,D,0,,Y,,,Y,,L,04,0,1,0,0,0,0,1,0,0,"- ","- ",38.190299987792969,-120.66735076904297,CALAVERAS,UNINCORPORATED,-120.66800689697266,38.190902709960938
91540243,2021,2021-08-09,9255,2021-07-31,1235,019525,,6,1,9,0500,0,2,4,,2,034,"RAILROAD FLAT RD","SILVER MOUNTIAN ROAD",2640.00,W,N,A,-,N,,,,,,,,,,Y,4,0,1,2,A,-,05,21650,,N,A,C,A,A,H,-,A,D,0,,,,,Y,,E,22,0,0,1,0,0,0,0,0,0,"- ","- ",38.365169525146484,-120.50528717041016,CALAVERAS,UNINCORPORATED,-120.50411224365234,38.356945037841797
91541283,2021,2021-08-10,9255,2021-07-27,1315,016479,,2,1,9,0500,0,1,3,,1,020,SR-49,"COSGRAVE ROAD",875.00,S,N,A,-,Y,,,49,,,,,,,Y,2,0,1,1,A,-,05,21650,,N,F,A,A,A,H,-,A,D,0,,,Y,,Y,,C,02,1,0,0,0,0,0,0,0,1,"- ","- ",38.109241485595703,-120.60028076171875,CALAVERAS,UNINCORPORATED,-120.60026550292969,38.109260559082031
91541367,2021,2021-08-10,9255,2021-08-03,0915,020414,,2,1,9,0500,0,3,5,,2,001,"MILTON ROAD","HUNT ROAD",7709.00,N,N,A,-,N,,,,,,,,,,Y,3,0,1,1,A,-,08,22107,,N,E,I,A,A,H,-,A,D,0,,,Y,,Y,,C,02,0,1,0,0,0,0,0,0,1,"- ","- ",38.053951263427734,-120.86302185058594,CALAVERAS,UNINCORPORATED,-120.86240386962891,38.053501129150391
91543310,2021,2021-08-12,9255,2021-08-03,1555,019557,,2,2,9,0500,0,1,3,,2,031,SR-26,"MAIN ST",500.00,W,N,A,-,Y,,,26,,,,,,,Y,3,0,1,1,A,-,08,22107,,M,E,I,A,A,H,-,A,D,0,,,,,Y,,A,07,0,1,0,0,0,0,0,0,0,"- ","- ",38.396018981933594,-120.52700042724609,CALAVERAS,UNINCORPORATED,-120.52703857421875,38.395980834960938
91546678,2021,2021-08-17,9255,2021-08-02,1330,018894,,1,1,9,0500,0,1,3,,2,050,"STATE ROUTE 4","BEATRICE DRIVE",500.00,E,N,A,-,Y,,,4,,,,,,,Y,2,0,2,2,A,-,05,21460,A,N,A,C,A,A,H,-,A,D,0,,,,,Y,,A,01,2,0,0,0,0,0,0,0,0,"- ","- ",38.356948852539062,-120.21230316162109,CALAVERAS,UNINCORPORATED,-120.21231079101562,38.356952667236328
91549211,2021,2021-08-19,9255,2021-08-16,1000,017324,,1,1,9,0500,0,2,4,,1,022,"O'BYRNES FERRY ROAD","REEDS TURNPIKE",3696.00,S,N,A,-,N,,,,,,,,,,Y,3,0,1,2,A,-,08,22107,,N,A,C,A,A,H,-,A,D,0,,,,,Y,,A,01,0,1,0,0,0,0,0,0,0,"- ","- ",37.970230102539062,-121.62712860107422,CALAVERAS,UNINCORPORATED,,
91550449,2021,2021-08-20,9255,2021-08-15,2225,020270,,7,3,9,0500,0,1,3,,1,021,SR4,"POOL STATION RD.",436.00,E,N,A,-,Y,,,4,,,,,,,Y,4,0,1,1,A,-,08,22107,,N,F,A,A,A,H,-,D,D,0,,,,,Y,,A,01,0,0,1,0,0,0,0,0,0,"- ","- ",38.048221588134766,-120.64251708984375,CALAVERAS,UNINCORPORATED,-120.64250946044922,38.048286437988281
91551221,2021,2021-08-23,9255,2021-08-13,1745,020563,,5,2,9,0500,0,1,3,,2,030,SR-49,SR-12,60.00,N,N,A,-,Y,,,49,,,,,,,Y,4,0,1,1,A,-,08,22107,,N,F,A,A,A,H,-,A,D,0,,,,,Y,,A,07,0,0,1,0,0,0,0,0,0,"- ","- ",38.205318450927734,-120.69743347167969,CALAVERAS,UNINCORPORATED,-120.69725036621094,38.205310821533203
91552650,2021,2021-08-24,9255,2021-08-14,1345,016055,,6,1,9,0500,0,1,3,,2,031,"RT 26","WOODHOUSE MINE ROAD",5280.00,W,N,A,-,Y,,,26,,,,,,,Y,2,0,1,1,A,-,03,22350,,N,E,I,A,A,H,-,A,D,0,,,Y,,Y,,C,02,1,0,0,0,0,0,0,0,1,"- ","- ",38.369270324707031,-120.54666900634766,CALAVERAS,UNINCORPORATED,-120.54668426513672,38.369289398193359
91553742,2021,2021-08-25,9255,2021-08-17,2326,018363,,2,3,9,0500,0,1,3,,1,010,"STATE ROUTE 12","TOYON CIR",393.00,W,N,A,-,Y,,,12,,,,,,,N,3,0,1,1,A,-,01,23152,A,N,F,A,A,A,H,-,D,D,0,,,Y,,Y,Y,C,02,0,1,0,0,0,0,0,0,1,"- ","- ",38.211589813232422,-120.76570129394531,CALAVERAS,UNINCORPORATED,-120.76567840576172,38.211524963378906
91554801,2021,2021-08-26,9255,2021-08-17,1030,018894,,2,1,9,0500,0,1,3,,2,060,"STATE ROUTE 4","PACIFIC VALLEY ROAD",5280.00,W,N,A,-,Y,,,,,,,,,,Y,2,0,2,2,A,-,05,21650,,N,B,C,A,A,H,-,A,D,0,,,Y,,Y,,C,02,1,0,1,0,0,0,0,0,2,"- ","- ",38.516738891601562,-119.90899658203125,CALAVERAS,UNINCORPORATED,-119.90988159179688,38.515895843505859
91554806,2021,2021-08-26,9255,2021-08-20,0550,018363,,5,3,9,0500,0,1,3,,1,011,"STATE ROUTE 26","ST. ANDREWS RD.",330.00,W,N,A,-,Y,,,26,,,,,,,Y,3,0,1,1,A,-,08,22107,,N,E,I,A,A,H,-,A,D,0,,,,,Y,,A,01,0,1,0,0,0,0,0,0,0,"- ","- ",38.173389434814453,-120.83409118652344,CALAVERAS,UNINCORPORATED,-120.83412170410156,38.173427581787109
91555269,2021,2021-08-26,9255,2021-08-18,1714,018492,,3,2,9,0500,0,3,5,,2,006,"O'BYRNES FERRY RD","SPANGLER LANE",0.00,,Y,F,-,N,,,,,,,,,,N,3,0,1,4,A,-,09,21802,A,N,D,C,A,A,H,-,A,A,0,,,,,Y,,A,01,0,1,0,0,0,0,0,0,0,"- ","- ",37.936748504638672,-120.60465240478516,CALAVERAS,UNINCORPORATED,-120.604736328125,37.936763763427734
91555334,2021,2021-08-26,9255,2021-08-20,1942,018492,,5,2,9,0500,0,3,5,,2,005,"MORAN ROAD","LOVE CREEK ROAD",528.00,S,N,A,-,N,,,,,,,,,,Y,3,0,1,1,A,-,01,23152,A,N,E,I,A,A,H,-,B,D,0,,,,,Y,Y,A,07,0,1,0,0,0,0,0,0,0,"- ","- ",38.215400695800781,-120.35999298095703,CALAVERAS,UNINCORPORATED,-120.35904693603516,38.216678619384766
91557547,2021,2021-08-30,9255,2021-08-23,1715,020270,,1,2,9,0500,0,1,3,,1,010,SR-12,"LIME CREEK RD.",888.00,W,N,A,-,Y,,,12,,,,,,,N,4,0,1,2,A,-,03,22350,,N,C,C,A,A,H,-,A,D,0,,,,,Y,,D,22,0,0,1,0,0,0,0,0,0,"- ","- ",38.192981719970703,-120.82382202148438,CALAVERAS,UNINCORPORATED,-120.82382202148438,38.193004608154297
91557812,2021,2021-08-30,9255,2021-08-23,2128,019640,,1,2,9,0500,0,2,4,,1,022,"OBYRNES FERRY RD","CALAVERAS / TUOLUMNE COUNTY LINE",1056.00,N,N,A,-,N,,,,,,,,,,Y,4,0,1,1,A,-,08,22107,,N,E,I,A,A,H,-,D,D,0,,,,,Y,,A,07,0,0,1,0,0,0,0,0,0,"- ","- ",37.899269104003906,-120.57140350341797,CALAVERAS,UNINCORPORATED,,
91559337,2021,2021-08-31,9255,2021-08-19,1434,020563,,4,2,9,0500,0,1,3,,2,030,SR-49,"MAGERS WAY",0.00,,Y,A,-,Y,,,49,,,,,,,Y,3,0,2,2,A,-,09,21802,A,N,D,C,A,A,H,-,A,A,0,,,,,Y,,A,01,0,2,0,0,0,0,0,0,0,"- ","- ",38.176498413085938,-120.66309356689453,CALAVERAS,UNINCORPORATED,-120.66307067871094,38.176528930664062
91560238,2021,2021-09-01,9255,2021-08-28,2120,020142,,6,2,9,0500,0,1,3,,1,010,SR-12,"BURSON ROAD",0.00,,Y,F,-,Y,,,12,,,,,,,Y,4,0,1,2,A,-,12,22450,A,N,D,C,A,A,H,-,C,A,0,,,,,Y,,A,01,0,0,1,0,0,0,0,0,0,"- ","- ",38.183589935302734,-120.89044952392578,CALAVERAS,UNINCORPORATED,-120.89044952392578,38.183544158935547