CASE_ID,ACCIDENT_YEAR,PROC_DATE,JURIS,COLLISION_DATE,COLLISION_TIME,OFFICER_ID,REPORTING_DISTRICT,DAY_OF_WEEK,CHP_SHIFT,POPULATION,CNTY_CITY_LOC,SPECIAL_COND,BEAT_TYPE,CHP_BEAT_TYPE,CITY_DIVISION_LAPD,CHP_BEAT_CLASS,BEAT_NUMBER,PRIMARY_RD,SECONDARY_RD,DISTANCE,DIRECTION,INTERSECTION,WEATHER_1,WEATHER_2,STATE_HWY_IND,CALTRANS_COUNTY,CALTRANS_DISTRICT,STATE_ROUTE,ROUTE_SUFFIX,POSTMILE_PREFIX,POSTMILE,LOCATION_TYPE,RAMP_INTERSECTION,SIDE_OF_HWY,TOW_AWAY,COLLISION_SEVERITY,NUMBER_KILLED,NUMBER_INJURED,PARTY_COUNT,PRIMARY_COLL_FACTOR,PCF_CODE_OF_VIOL,PCF_VIOL_CATEGORY,PCF_VIOLATION,PCF_VIOL_SUBSECTION,HIT_AND_RUN,TYPE_OF_COLLISION,MVIW,PED_ACTION,ROAD_SURFACE,ROAD_COND_1,ROAD_COND_2,LIGHTING,CONTROL_DEVICE,CHP_ROAD_TYPE,PEDESTRIAN_ACCIDENT,BICYCLE_ACCIDENT,MOTORCYCLE_ACCIDENT,TRUCK_ACCIDENT,NOT_PRIVATE_PROPERTY,ALCOHOL_INVOLVED,STWD_VEHTYPE_AT_FAULT,CHP_VEHTYPE_AT_FAULT,COUNT_SEVERE_INJ,COUNT_VISIBLE_INJ,COUNT_COMPLAINT_PAIN,COUNT_PED_KILLED,COUNT_PED_INJURED,COUNT_BICYCLIST_KILLED,COUNT_BICYCLIST_INJURED,COUNT_MC_KILLED,COUNT_MC_INJURED,PRIMARY_RAMP,SECONDARY_RAMP,LATITUDE,LONGITUDE,COUNTY,CITY,POINT_X,POINT_Y
91726879,2022,2022-03-18,9255,2022-03-15,1045,019996,,2,1,9,0500,0,1,3,,2,030,SR-49,"BIG BAR LAUNCH",400.00,S,N,B,-,Y,CAL,,49,,,30.550,H,,R,N,3,0,1,1,A,-,03,22350,,N,F,A,A,B,H,-,A,D,0,,,,,Y,,A,07,0,1,0,0,0,0,0,0,0,"- ","- ",38.309341430664062,-120.72338104248047,CALAVERAS,UNINCORPORATED,-120.72342681884766,38.309249877929688
91727915,2022,2022-03-21,9255,2022-03-15,0830,017324,,2,1,9,0500,0,3,5,,2,002,"COPPER COVE ROAD","SAWMILL RD",528.00,W,N,C,-,N,,,,,,,,,,N,3,0,1,1,A,-,03,22350,,N,F,A,A,B,H,-,A,D,0,,,,,Y,,A,07,0,1,0,0,0,0,0,0,0,"- ","- ",37.934848785400391,-120.62811279296875,CALAVERAS,UNINCORPORATED,-120.62792205810547,37.93475341796875
91727956,2022,2022-03-21,9255,2022-03-13,1305,018318,,7,1,9,0500,0,3,5,,2,001,"STABULIS ROAD","GARNER PL",1056.00,E,N,A,-,N,,,,,,,,,,N,2,0,1,1,A,-,08,22107,,N,F,A,A,A,H,-,A,D,0,,,Y,,Y,,C,02,1,0,0,0,0,0,0,0,1,"- ","- ",38.125251770019531,-120.86147308349609,CALAVERAS,UNINCORPORATED,-120.86105346679688,38.122112274169922
91728351,2022,2022-03-21,9255,2022-03-12,1250,019525,,6,1,9,0500,0,1,3,,2,031,SR-26,"WINTON ROAD",94.00,E,N,A,-,Y,CAL,,26,,,34.803,H,,R,N,4,0,3,2,A,-,03,22350,,F,C,C,A,A,H,-,A,D,0,,,,,Y,,-,99,0,0,3,0,0,0,0,0,0,"- ","- ",38.402809143066406,-120.52558135986328,CALAVERAS,UNINCORPORATED,-120.52557373046875,38.402824401855469
91731211,2022,2022-03-24,9255,2022-03-14,1510,018894,,1,2,9,0500,0,3,5,,2,005,"GREENSBORO WAY","DEL RIO DRIVE",241.00,E,N,A,-,N,,,,,,,,,,N,2,0,1,2,A,-,03,22350,,N,C,C,A,A,H,-,A,D,0,,,,,Y,,A,07,1,0,0,0,0,0,0,0,0,"- ","- ",38.262840270996094,-120.32624053955078,CALAVERAS,UNINCORPORATED,-120.32621765136719,38.262844085693359
91733804,2022,2022-03-25,9255,2022-03-14,1145,019640,,1,1,9,0500,0,1,3,,1,010,SR-12,"SAWMILL STREET",95.00,W,N,A,-,Y,CAL,,12,,,0.834,H,,R,Y,2,0,2,3,A,-,05,21460,A,N,B,C,A,A,H,-,A,D,0,,,Y,,Y,,C,02,1,1,0,0,0,0,0,0,2,"- ","- ",38.195060729980469,-120.97904205322266,CALAVERAS,UNINCORPORATED,-120.97903442382812,38.195064544677734
91738914,2022,2022-04-01,9255,2022-03-23,1555,019885,,3,2,9,0500,0,1,3,,1,010,SR-12,SR-49,0.00,,Y,A,-,Y,CAL,,12,,,18.187,H,,R,N,3,0,1,2,A,-,09,21801,A,N,D,C,A,A,H,-,A,A,0,,,,,Y,,A,07,0,1,0,0,0,0,0,0,0,"- ","- ",38.205131530761719,-120.69732666015625,CALAVERAS,UNINCORPORATED,-120.69752502441406,38.20501708984375
91741107,2022,2022-04-05,9255,2022-03-28,0840,017324,,1,1,9,0500,0,1,3,,1,021,"STATE ROUTE 4","STALLION WAY",528.00,W,N,C,-,Y,CAL,,4,,,16.312,H,,R,N,4,0,1,1,A,-,03,22350,,N,E,I,A,B,H,-,A,D,0,,,,,Y,,A,07,0,0,1,0,0,0,0,0,0,"- ","- ",38.052078247070312,-120.623291015625,CALAVERAS,UNINCORPORATED,-120.62329864501953,38.052101135253906
91741113,2022,2022-04-05,9255,2022-03-29,1250,019525,,2,1,9,0500,0,1,3,,1,010,SR-12,"DOUBLE SPRINGS ROAD",0.00,,Y,B,-,Y,CAL,,12,,,12.416,H,,R,Y,3,0,1,2,A,-,03,22350,,N,C,C,A,A,H,-,A,D,0,,,,,Y,,A,01,0,1,0,0,0,0,0,0,0,"- ","- ",38.206291198730469,-120.78965759277344,CALAVERAS,UNINCORPORATED,-120.78966522216797,38.206291198730469
91741121,2022,2022-04-05,9255,2022-03-30,0830,019996,,3,1,9,0500,0,1,3,,1,011,SR-26,HEINEMANN,400.00,W,N,A,-,Y,CAL,,26,,,7.063,H,,R,Y,3,0,1,1,A,-,08,22107,,N,F,A,A,A,H,-,A,D,0,,,,,Y,,A,01,0,1,0,0,0,0,0,0,0,"- ","- ",38.154170989990234,-120.85353851318359,CALAVERAS,UNINCORPORATED,-120.85353851318359,38.154167175292969
91743154,2022,2022-04-07,9255,2022-04-04,0544,019996,,1,3,9,0500,0,1,3,,1,010,SR-12,SR-49,1600.00,W,N,A,-,Y,CAL,,12,,,17.864,H,,R,Y,3,0,1,1,A,-,01,23152,A,N,E,I,A,A,H,-,D,D,0,,,,,Y,Y,D,22,0,1,0,0,0,0,0,0,0,"- ","- ",38.207748413085938,-120.70213317871094,CALAVERAS,UNINCORPORATED,-120.70208740234375,38.207794189453125
91746340,2022,2022-04-12,9255,2022-03-31,1435,019534,,4,2,9,0500,0,1,3,,2,030,"STATE ROUTE 49","POOL STATION RD",2.00,S,N,A,-,Y,CAL,,49,,,20.143,H,,R,Y,3,0,2,3,A,-,03,22350,,N,C,C,A,A,H,-,A,D,0,,,,,Y,,A,01,0,1,1,0,0,0,0,0,0,"- ","- ",38.201148986816406,-120.69258117675781,CALAVERAS,UNINCORPORATED,-120.69259643554688,38.201129913330078
91747184,2022,2022-04-13,9255,2022-04-11,1130,018363,,1,1,9,0500,0,1,3,,2,031,"STATE ROUTE 26","STORMY LANE",0.00,,Y,C,-,Y,CAL,,26,,,26.078,H,,R,Y,4,0,1,1,A,-,08,22107,,N,E,I,A,B,H,-,A,D,0,,,,,Y,,D,22,0,0,1,0,0,0,0,0,0,"- ","- ",38.34088134765625,-120.59171295166016,CALAVERAS,UNINCORPORATED,-120.59165191650391,38.340847015380859
91747217,2022,2022-04-13,9255,2022-04-11,0820,017324,,1,1,9,0500,0,1,3,,2,040,"STATE ROUTE 49","CARSON HILL",3168.00,S,N,B,C,Y,CAL,,49,,,2.833,H,,R,N,3,0,1,1,A,-,03,22350,,N,F,A,A,B,H,-,A,D,0,,,,,Y,,A,01,0,1,0,0,0,0,0,0,0,"- ","- ",38.0224609375,-120.51286315917969,CALAVERAS,UNINCORPORATED,-120.51271057128906,38.022525787353516
91747219,2022,2022-04-13,9255,2022-04-10,1000,018318,,7,1,9,0500,0,1,3,,2,030,SR-49,"OCONNELL LANE",5.00,N,N,A,-,N,,,,,,,,,,Y,4,0,1,2,A,-,03,22350,,N,C,C,A,A,H,-,A,D,0,,,,,Y,,A,01,0,0,1,0,0,0,0,0,0,"- ","- ",38.175548553466797,-120.66156768798828,CALAVERAS,UNINCORPORATED,-120.66157531738281,38.175540924072266
91748044,2022,2022-04-14,9255,2022-04-09,1240,019525,,6,1,9,0500,0,3,5,,2,001,"PALOMA ROAD","GILLAM ROAD",4752.00,N,N,A,-,N,,,,,,,,,,Y,2,0,1,1,A,-,08,22107,,N,E,I,A,A,H,-,A,D,0,,,Y,,Y,,C,02,1,0,0,0,0,0,0,0,1,"- ","- ",38.240409851074219,-120.78737640380859,CALAVERAS,UNINCORPORATED,-120.78750610351562,38.240081787109375
91749070,2022,2022-04-15,9255,2022-04-10,0215,020563,,7,3,9,0500,0,3,5,,2,004,"CREEK VIEW","BIG TREES RD",95.00,N,N,A,-,N,,,,,,,,,,Y,4,0,1,1,A,-,01,23152,A,N,E,I,A,A,H,-,D,D,0,,,,,Y,Y,D,22,0,0,1,0,0,0,0,0,0,"- ","- ",38.139480590820312,-120.45680999755859,CALAVERAS,UNINCORPORATED,-120.45670318603516,38.139427185058594
91749077,2022,2022-04-15,9255,2022-04-10,1215,018318,,7,1,9,0500,0,1,3,,1,011,SR-26,"QUAIL OAKS ROAD",0.00,,Y,A,-,Y,CAL,,26,,,8.540,H,,R,Y,4,0,2,3,A,-,09,21801,A,N,A,C,A,A,H,-,A,D,0,,,,,Y,Y,A,01,0,0,2,0,0,0,0,0,0,"- ","- ",38.170558929443359,-120.83763885498047,CALAVERAS,UNINCORPORATED,-120.83760070800781,38.170543670654297
91749278,2022,2022-04-15,9255,2022-04-08,1412,018318,,5,2,9,0500,0,1,3,,1,010,SR-12,"LIME CREEK ROAD",283.00,E,N,A,-,Y,CAL,,12,,,10.459,H,,R,Y,2,0,1,2,A,-,08,22107,,N,C,C,A,A,H,-,A,D,0,,,Y,,Y,,A,01,1,0,0,0,0,0,0,0,1,"- ","- ",38.193641662597656,-120.8197021484375,CALAVERAS,UNINCORPORATED,-120.81970977783203,38.193675994873047
91749676,2022,2022-04-18,9255,2022-04-07,1950,019534,,4,2,9,0500,0,3,5,,2,003,"RIDGE RD","RAJEN RD",500.00,E,N,A,-,N,,,,,,,,,,Y,2,0,1,1,A,-,01,23152,A,N,E,I,A,A,H,-,D,D,0,,,,,Y,Y,D,22,1,0,0,0,0,0,0,0,0,"- ","- ",38.336898803710938,-120.53816986083984,CALAVERAS,UNINCORPORATED,-120.53822326660156,38.336845397949219
91749984,2022,2022-04-18,9255,2022-04-09,1130,019246,,6,1,9,0500,0,1,3,,1,011,SR-26,"OLIVE ORCHARD RD",0.00,,Y,A,-,Y,CAL,,26,,,5.041,H,,R,N,3,0,1,2,A,-,08,22107,,N,D,G,A,A,H,-,A,D,0,,Y,,,Y,,L,04,0,1,0,0,0,0,1,0,0,"- ","- ",38.130229949951172,-120.87412261962891,CALAVERAS,UNINCORPORATED,-120.87409210205078,38.130218505859375
91750049,2022,2023-02-23,9255,2022-02-22,1530,019246,,2,2,9,0500,0,1,3,,2,030,SR-49,"RUSSELL RD",0.00,,Y,A,-,Y,CAL,,49,,,19.761,H,,R,Y,1,1,0,2,A,-,09,21802,A,N,D,C,A,A,H,-,A,A,0,,,,,Y,,A,01,0,0,0,0,0,0,0,0,0,"- ","- ",38.198200225830078,-120.68686676025391,CALAVERAS,UNINCORPORATED,-120.68681335449219,38.198253631591797
91750157,2022,2022-04-18,9255,2022-01-26,1300,019534,,3,1,9,0500,0,1,3,,2,030,"STATE ROUTE 49","BIG BAR LAUNCH",250.00,S,N,A,-,Y,CAL,,49,,,30.590,H,,R,Y,1,1,0,1,A,-,08,22107,,N,E,I,A,A,H,-,A,D,0,,,,Y,Y,,F,24,0,0,0,0,0,0,0,0,0,"- ","- ",38.309291839599609,-120.72273254394531,CALAVERAS,UNINCORPORATED,-120.72275543212891,38.309310913085938
91750164,2022,2022-04-18,9255,2022-04-13,1100,017324,,3,1,9,0500,0,1,3,,1,021,"STATE ROUTE 4","POOL STATION ROAD",528.00,E,N,A,-,Y,CAL,,4,,,14.890,H,,R,N,3,0,1,1,A,-,08,22107,,N,F,A,A,A,H,-,A,D,0,,,Y,,Y,,C,02,0,1,0,0,0,0,0,0,1,"- ","- ",38.046821594238281,-120.64647674560547,CALAVERAS,UNINCORPORATED,-120.64642333984375,38.046783447265625
91752604,2022,2022-04-20,9255,2022-04-10,1215,019525,,7,1,9,0500,0,1,3,,2,031,SR-26,"GILLHAVEN ROAD",2640.00,E,N,B,-,Y,CAL,,26,,,21.825,H,,R,Y,2,0,1,1,A,-,08,22107,,N,E,I,A,A,H,-,A,D,0,,,Y,,Y,,C,02,1,0,0,0,0,0,0,0,1,"- ","- ",38.317478179931641,-120.65277099609375,CALAVERAS,UNINCORPORATED,-120.65269470214844,38.317466735839844
91753459,2022,2022-04-21,9255,2022-04-13,1530,019534,,3,2,9,0500,0,3,5,,2,001,"HOGAN DAM RD","LAKE VIEW CIR",75.00,N,N,A,-,N,,,,,,,,,,N,3,0,1,2,A,-,08,22107,,N,B,C,A,A,H,-,A,D,0,,,Y,,Y,,C,02,0,1,0,0,0,0,0,0,1,"- ","- ",38.164070129394531,-120.81638336181641,CALAVERAS,UNINCORPORATED,-120.81632232666016,38.164100646972656
91756669,2022,2022-04-26,9255,2022-04-17,1340,019525,,7,1,9,0500,0,1,3,,2,031,SR-26,"HUMBUG CREEK RD",188.00,W,N,A,-,Y,CAL,,26,,,28.777,H,,R,Y,4,0,1,1,A,-,03,22350,,N,F,A,A,A,B,-,A,D,0,,,Y,,Y,,C,02,0,0,1,0,0,0,0,0,1,"- ","- ",38.362808227539062,-120.56204223632812,CALAVERAS,UNINCORPORATED,-120.56204986572266,38.362838745117188
91756697,2022,2022-04-26,9255,2022-04-19,0740,018363,,2,1,9,0500,0,3,5,,2,001,"SANDRETTO ROAD","CAMPO SECO RD",5544.00,N,N,B,-,N,,,,,,,,,,Y,4,0,1,1,A,-,08,22107,,N,E,I,A,B,H,-,A,D,0,,,,,Y,,D,22,0,0,1,0,0,0,0,0,0,"- ","- ",38.242660522460938,-120.84284973144531,CALAVERAS,UNINCORPORATED,-120.84290799999999,38.242652999999997
91758793,2022,2022-04-28,9255,2022-04-21,0625,019525,,4,1,9,0500,0,1,3,,1,010,SR-12,"CENTRAL HILL ROAD",4752.00,W,N,C,-,Y,CAL,,12,,,15.419,H,,R,Y,4,0,1,1,A,-,08,22107,,N,F,A,A,B,H,-,A,D,0,,,,,Y,,A,01,0,0,1,0,0,0,0,0,0,"- ","- ",38.20819091796875,-120.73724365234375,CALAVERAS,UNINCORPORATED,-120.73719787597656,38.208290100097656
91758856,2022,2022-04-28,9255,2022-04-21,0800,017324,,4,1,9,0500,0,3,5,,2,002,"COPPER COVE DRIVE","SAWMILL RD",2640.00,W,N,B,-,N,,,,,,,,,,Y,3,0,1,1,A,-,03,22350,,N,E,I,A,B,H,-,A,D,0,,,,,Y,,A,01,0,1,0,0,0,0,0,0,0,"- ","- ",37.937610626220703,-120.63394927978516,CALAVERAS,UNINCORPORATED,-120.63407897949219,37.937656402587891
91760914,2022,2022-04-29,9255,2022-04-15,0330,019534,,5,3,9,0500,0,3,5,,2,001,"SHELTON RD","AMIEL WAY",45.00,N,N,B,-,N,,,,,,,,,,N,3,0,1,1,A,-,08,22107,,M,E,I,A,A,H,-,D,D,0,,,,,Y,,D,22,0,1,0,0,0,0,0,0,0,"- ","- ",38.091060638427734,-120.92633819580078,CALAVERAS,UNINCORPORATED,-120.92646026611328,38.091033935546875
91760942,2022,2022-04-29,9255,2022-04-21,2315,019996,,4,3,9,0500,0,1,3,,2,030,SR-49,"O'CONNELL LANE",30.00,S,N,B,C,Y,CAL,,49,,,17.599,H,,R,Y,3,0,1,1,A,-,01,23152,A,N,F,A,A,B,H,-,D,D,0,,,,,Y,Y,A,07,0,1,0,0,0,0,0,0,0,"- ","- ",38.175579071044922,-120.66140747070312,CALAVERAS,UNINCORPORATED,-120.6614990234375,38.175491333007812
91762172,2022,2022-05-02,9255,2022-04-23,1112,018363,,6,1,9,0500,0,1,3,,1,021,"STATE ROUTE 4","HORSESHOE DR",3453.00,E,N,A,-,Y,CAL,,4,,R,5.737,H,,R,Y,2,0,1,2,A,-,03,22350,,N,B,C,A,A,H,-,A,D,0,,,Y,,Y,,C,02,1,0,0,0,0,0,0,0,1,"- ","- ",37.959060668945312,-120.67569732666016,CALAVERAS,UNINCORPORATED,-120.67572021484375,37.959075927734375
91764433,2022,2022-05-04,9255,2022-04-30,0150,020563,,6,3,9,0500,0,1,3,,2,031,SR-26,"GILLHAVEN ROAD",4200.00,E,N,A,-,Y,CAL,,26,,,22.101,H,,R,Y,4,0,1,1,A,-,01,23152,A,N,E,I,A,A,H,-,D,D,0,,,,,Y,Y,D,22,0,0,1,0,0,0,0,0,0,"- ","- ",38.320518493652344,-120.64962005615234,CALAVERAS,UNINCORPORATED,-120.64958953857422,38.320480346679688
91765187,2022,2022-05-05,9255,2022-04-29,2303,020142,,5,3,9,0500,0,1,3,,1,010,SR-12,"CAMANCHE PKY S",1210.00,W,N,A,-,Y,CAL,,12,,,0.387,H,,R,Y,4,0,1,2,A,-,03,22350,,N,C,2,A,A,H,-,D,D,0,,,,,Y,,A,07,0,0,1,0,0,0,0,0,0,"- ","- ",38.200839996337891,-120.98259735107422,CALAVERAS,UNINCORPORATED,-120.98251342773438,38.200870513916016
91767489,2022,2022-05-09,9255,2022-04-30,0340,020142,,6,3,9,0500,0,3,5,,2,100,"HOGAN DAM RD","SILVER RAPIDS ROAD",3168.00,E,N,A,-,N,,,,,,,,,,Y,4,0,1,1,A,-,01,23152,A,N,E,I,A,A,H,-,D,D,0,,,,,Y,Y,A,01,0,0,1,0,0,0,0,0,0,"- ","- ",38.153018951416016,-120.81569671630859,CALAVERAS,UNINCORPORATED,-120.81901550292969,38.144077301025391
91768489,2022,2022-05-10,9255,2022-05-01,1633,019525,,7,2,9,0500,0,3,5,,2,002,"LITTLE JOHN ROAD","MOCCASIN ST",630.00,W,N,A,-,N,,,,,,,,,,Y,4,0,1,1,A,-,01,23152,A,N,E,I,A,A,H,-,A,B,0,,,,,Y,Y,D,22,0,0,1,0,0,0,0,0,0,"- ","- ",37.913150787353516,-120.62120056152344,CALAVERAS,UNINCORPORATED,-120.62106323242188,37.913162231445312
91768491,2022,2022-05-10,9255,2022-04-29,1655,019534,,5,2,9,0500,0,3,5,,2,001,"SILVER RAPIDS RD","ANTONOVICH RD",0.00,,Y,A,-,N,,,,,,,,,,N,3,0,1,2,A,-,03,22350,,N,C,C,A,A,H,-,A,D,0,,,Y,,Y,,C,02,0,1,0,0,0,0,0,0,1,"- ","- ",38.155399322509766,-120.83812713623047,CALAVERAS,UNINCORPORATED,-120.83814239501953,38.155391693115234
91769045,2022,2022-05-10,9255,2022-04-29,1705,018894,,5,2,9,0500,0,1,3,,2,040,"STATE ROUTE 4","PENNSYLVANIA GULCH ROAD",0.00,,Y,A,-,Y,CAL,,4,,,29.237,H,,R,Y,4,0,2,2,A,-,03,22350,,N,C,C,A,A,H,-,A,D,0,,,,,Y,,A,01,0,0,2,0,0,0,0,0,0,"- ","- ",38.134090423583984,-120.45552825927734,CALAVERAS,UNINCORPORATED,-120.45552825927734,38.134090423583984
91771773,2022,2022-05-13,9255,2022-05-05,0955,018318,,4,1,9,0500,0,1,3,,1,010,SR-12,SR-49,1010.00,W,N,A,-,Y,CAL,,12,,,18.075,H,,R,Y,3,0,1,1,A,-,08,22107,,N,E,I,A,A,H,-,A,D,0,,,,,Y,,A,07,0,1,0,0,0,0,0,0,0,"- ","- ",38.206241607666016,-120.69882202148438,CALAVERAS,UNINCORPORATED,-120.6988525390625,38.206211090087891
91772794,2022,2022-05-16,9255,2022-05-05,1145,019525,,4,1,9,0500,0,3,5,,2,003,"RIDGE ROAD","INDEPENDENCE ROAD",573.00,W,N,A,-,N,,,,,,,,,,Y,4,0,1,1,A,-,08,22107,,N,E,I,A,A,H,-,A,D,0,,,,,Y,,A,01,0,0,1,0,0,0,0,0,0,"- ","- ",38.343048095703125,-120.57589721679688,CALAVERAS,UNINCORPORATED,-120.5758056640625,38.343051910400391
91773063,2022,2022-05-16,9255,2022-05-04,0915,019525,,3,1,9,0500,0,2,4,,2,034,"MICHEL ROAD","MOUNTAIN RANCH ROAD",0.00,,Y,A,-,N,,,,,,,,,,Y,4,0,1,2,A,-,09,21801,A,N,A,C,A,A,H,-,A,D,0,,,,,Y,,D,22,0,0,1,0,0,0,0,0,0,"- ","- ",38.222221374511719,-120.54666137695312,CALAVERAS,UNINCORPORATED,-120.5853271484375,38.193218231201172
91773069,2022,2022-05-16,9255,2022-05-04,1335,019525,,3,1,9,0500,0,1,3,,1,011,SR-26,"HAGEN CT",0.00,,Y,A,-,Y,CAL,,26,,,5.596,H,,R,N,4,0,1,2,A,-,09,21801,A,N,D,C,A,A,H,-,A,D,0,,,,,Y,,A,01,0,0,1,0,0,0,0,0,0,"- ","- ",38.136188507080078,-120.86766052246094,CALAVERAS,UNINCORPORATED,-120.86771392822266,38.136211395263672
91773244,2022,2024-01-30,9255,2022-04-30,1135,019525,,6,1,9,0500,0,1,3,,2,031,SR-26,"BARNEY WAY",0.00,,Y,A,-,Y,CAL,,26,,R,33.663,H,,R,Y,2,0,1,2,A,-,05,21752,D,M,B,C,A,A,H,-,A,D,0,,,Y,,Y,,C,02,1,0,0,0,0,0,0,0,1,"- ","- ",38.389591217041016,-120.52584075927734,CALAVERAS,UNINCORPORATED,-120.52582550048828,38.389575958251953
91778266,2022,2022-05-24,9255,2022-05-11,1500,019246,,3,2,9,0500,0,3,5,,2,003,"CALAVERITAS RD",EDGEWOOD,2957.00,S,N,A,-,N,,,,,,,,,,Y,3,0,2,1,A,-,08,22107,,N,F,A,A,A,H,-,A,D,0,,,,,Y,,A,01,0,2,0,0,0,0,0,0,0,"- ","- ",38.178970336914062,-120.65264892578125,CALAVERAS,UNINCORPORATED,-120.65250396728516,38.178936004638672
91778273,2022,2022-05-23,9255,2022-05-12,0918,018363,,4,1,9,0500,0,1,3,,2,030,"STATE ROUTE 49","TOYANZA ST",305.00,S,N,A,-,Y,CAL,,49,,,18.717,H,,R,Y,4,0,1,2,A,-,09,21804,A,N,D,C,A,A,H,-,A,D,0,,,,Y,Y,,A,01,0,0,1,0,0,0,0,0,0,"- ","- ",38.187618255615234,-120.67417907714844,CALAVERAS,UNINCORPORATED,-120.67411804199219,38.187633514404297
91779253,2022,2022-05-24,9255,2022-05-16,1257,019525,,1,1,9,0500,0,1,3,,1,011,SR-26,"FARRIS DR",996.00,E,N,A,-,Y,CAL,,26,,,6.874,H,,R,Y,3,0,2,2,A,-,08,22107,,N,A,C,A,A,H,-,A,D,0,,,,,Y,,A,07,0,1,1,0,0,0,0,0,0,"- ","- ",38.152339935302734,-120.85607147216797,CALAVERAS,UNINCORPORATED,-120.85610961914062,38.152362823486328
91783365,2022,2022-09-08,9255,2022-05-19,1320,018363,,4,1,9,0500,0,3,5,,2,003,"ADAMS AVE","MARKET ST",0.00,,Y,A,-,N,,,,,,,,,,N,4,0,1,2,A,-,09,21802,A,N,D,D,A,A,H,-,A,A,0,,,,,Y,,A,01,0,0,1,0,0,0,0,0,0,"- ","- ",38.195911407470703,-120.68212890625,CALAVERAS,UNINCORPORATED,-120.68240356445312,38.195972442626953
91785683,2022,2022-06-01,9255,2022-05-22,0200,020414,,7,3,9,0500,0,1,3,,1,010,SR-12,SR-26,183.00,E,N,A,-,Y,CAL,,12,,,9.972,H,,R,N,3,0,1,1,A,-,01,23152,A,N,E,I,A,A,H,-,C,D,0,,,,,Y,Y,A,01,0,1,0,0,0,0,0,0,0,"- ","- ",38.192070007324219,-120.82865905761719,CALAVERAS,UNINCORPORATED,-120.82861328125,38.192028045654297
91786710,2022,2022-06-02,9255,2022-05-27,0755,019534,,5,1,9,0500,0,1,3,,1,010,"STATE ROUTE 12","CENTRAL HILL RD",2640.00,W,N,A,-,Y,CAL,,12,,,15.441,H,,R,Y,3,0,2,2,A,-,08,22107,,N,A,C,A,A,H,-,A,D,0,,,,,Y,,D,22,0,2,0,0,0,0,0,0,0,"- ","- ",38.208229064941406,-120.73683929443359,CALAVERAS,UNINCORPORATED,-120.73685455322266,38.208202362060547
91786806,2022,2022-06-02,9255,2022-05-22,1455,019885,,7,2,9,0500,0,1,3,,2,031,SR-26,"LOWER DORRAY RD",327.00,E,N,A,-,Y,CAL,,26,,,24.850,H,,R,Y,2,0,1,1,A,-,08,22107,,N,E,I,A,A,H,-,A,D,0,,,,,Y,,A,07,1,0,0,0,0,0,0,0,0,"- ","- ",38.339550018310547,-120.60967254638672,CALAVERAS,UNINCORPORATED,-120.60972595214844,38.339809417724609
91786823,2022,2022-06-02,9255,2022-05-25,0252,018363,,3,3,9,0500,0,3,5,,2,002,"LITTLE JOHN RD","MOCCASIN ST",498.00,N,N,A,-,N,,,,,,,,,,Y,2,0,2,1,A,-,01,23152,A,N,E,I,A,A,H,-,D,D,0,,,,,Y,Y,A,01,1,1,0,0,0,0,0,0,0,"- ","- ",37.913131713867188,-120.62104034423828,CALAVERAS,UNINCORPORATED,-120.62062072753906,37.913089752197266
91788775,2022,2022-06-06,9255,2022-05-24,1020,018894,,2,1,9,0500,0,1,3,,2,050,"STATE ROUTE 4","LAKEMONT DR",0.00,,Y,A,-,Y,CAL,,4,,,39.793,H,,R,Y,4,0,1,2,A,-,09,21801,A,N,D,C,A,A,H,-,A,D,0,,,,,Y,,D,22,0,0,1,0,0,0,0,0,0,"- ","- ",38.235919952392578,-120.36502075195312,CALAVERAS,UNINCORPORATED,-120.36496734619141,38.235908508300781
91789153,2022,2022-06-06,9255,2022-05-29,1445,020142,,7,2,9,0500,0,2,4,,1,022,"O'BYRNES FERRY ROAD","DUCHESS DRIVE",4224.00,S,N,A,-,N,,,,,,,,,,Y,4,0,1,3,A,-,08,22107,,N,D,E,A,A,H,-,A,D,0,,,,,Y,,A,01,0,0,1,0,0,0,0,0,0,"- ","- ",37.896831512451172,-120.57241058349609,CALAVERAS,UNINCORPORATED,-120.57331848144531,37.896350860595703
91790063,2022,2022-06-07,9255,2022-05-22,1300,018894,,7,1,9,0500,0,1,A,,2,730,"2465 GUN CLUB ROAD","GUN CLUB ROAD",1000.00,S,N,A,-,N,,,,,,,,,,N,2,0,4,5,B,-,22,,,N,G,B,F,A,H,-,A,D,0,Y,,,,Y,,M,96,1,1,2,0,4,0,0,0,0,"- ","- ",38.047271728515625,-120.52108764648438,CALAVERAS,UNINCORPORATED,,